Timestamp,Object,Track_ID,Zone,Image
2026-03-12T21:44:24.200555,2,ADULT,CRITICAL,front_left,2.31,0.888,0,0
2026-03-12T21:44:24.416102,2,ADULT,CRITICAL,front_left,2.33,0.927,1,0
2026-03-12T21:44:24.644346,2,ADULT,CRITICAL,front_left,2.34,0.916,1,0
2026-03-12T21:44:24.854462,2,ADULT,CRITICAL,front_left,2.34,0.933,1,0
2026-03-12T21:44:25.087137,2,ADULT,CRITICAL,front_left,2.34,0.913,1,0
2026-03-12T21:44:25.368693,2,ADULT,CRITICAL,front_left,2.35,0.903,1,0
2026-03-12T21:44:25.581890,2,ADULT,CRITICAL,front_left,2.35,0.911,1,0
2026-03-12T21:44:25.832441,2,ADULT,CRITICAL,front_left,2.35,0.917,1,0
2026-03-12T21:44:26.019776,2,ADULT,CRITICAL,front_left,2.35,0.909,1,0
2026-03-12T21:44:26.184171,2,ADULT,CRITICAL,front_left,2.35,0.902,1,0
2026-03-12T21:44:26.367256,2,ADULT,CRITICAL,front_left,2.35,0.904,1,0
2026-03-12T21:44:26.563988,2,ADULT,CRITICAL,front_left,2.35,0.931,1,0
2026-03-12T21:44:26.742389,2,ADULT,CRITICAL,front_left,2.34,0.928,1,0
2026-03-12T21:44:26.853927,2,ADULT,CRITICAL,front_left,2.34,0.931,1,0
2026-03-12T21:44:26.939424,2,ADULT,CRITICAL,front_left,2.34,0.932,1,0
2026-03-12T21:44:27.027596,2,ADULT,CRITICAL,front_left,2.33,0.918,1,0
2026-03-12T21:44:27.105129,2,ADULT,CRITICAL,front_left,2.33,0.927,1,0
2026-03-12T21:44:27.199011,2,ADULT,CRITICAL,front_left,2.32,0.924,1,0
2026-03-12T21:44:27.276127,2,ADULT,CRITICAL,front_left,2.32,0.931,1,0
2026-03-12T21:44:27.353478,2,ADULT,CRITICAL,front_left,2.32,0.923,1,0
2026-03-12T21:44:27.455488,2,ADULT,CRITICAL,front_left,2.31,0.916,1,0
2026-03-12T21:44:27.620246,2,ADULT,CRITICAL,front_left,2.31,0.924,1,0
2026-03-12T21:44:27.809846,2,ADULT,CRITICAL,front_left,2.31,0.925,1,0
2026-03-12T21:44:27.942388,2,ADULT,CRITICAL,front_left,2.31,0.929,1,0
2026-03-12T21:44:28.050947,2,ADULT,CRITICAL,front_left,2.31,0.918,1,0
2026-03-12T21:44:28.280482,2,ADULT,CRITICAL,front_left,2.31,0.921,1,0
2026-03-12T21:44:28.566005,2,ADULT,CRITICAL,front_left,2.31,0.933,1,0
2026-03-12T21:44:28.843747,2,ADULT,CRITICAL,front_left,2.32,0.935,1,0
2026-03-12T21:44:29.108559,2,ADULT,CRITICAL,front_left,2.32,0.935,1,0
2026-03-12T21:44:29.390332,2,ADULT,CRITICAL,front_left,2.32,0.919,1,0
2026-03-12T21:44:29.688249,2,ADULT,CRITICAL,front_left,2.33,0.939,1,0
2026-03-12T21:44:30.010651,2,ADULT,CRITICAL,front_left,2.33,0.94,1,0
2026-03-12T21:44:30.297711,2,ADULT,CRITICAL,front_left,2.33,0.934,1,0
2026-03-12T21:44:30.550168,2,ADULT,CRITICAL,front_left,2.32,0.934,1,0
2026-03-12T21:44:30.761922,2,ADULT,CRITICAL,front_left,2.32,0.933,1,0
2026-03-12T21:44:30.946672,2,ADULT,CRITICAL,front_left,2.32,0.929,1,0
2026-03-12T21:44:31.156762,2,ADULT,CRITICAL,front_left,2.31,0.931,1,0
2026-03-12T21:44:31.347435,2,ADULT,CRITICAL,front_left,2.31,0.931,1,0
2026-03-12T21:44:31.566308,2,ADULT,CRITICAL,front_left,2.31,0.923,1,0
2026-03-12T21:44:31.733442,2,ADULT,CRITICAL,front_left,2.3,0.927,1,0
2026-03-12T21:44:31.906992,2,ADULT,CRITICAL,front_left,2.3,0.933,1,0
2026-03-12T21:44:32.131048,2,ADULT,CRITICAL,front_left,2.31,0.931,1,0
2026-03-12T21:44:32.357296,2,ADULT,CRITICAL,front_left,2.31,0.928,1,0
2026-03-12T21:44:32.619739,2,ADULT,CRITICAL,front_left,2.31,0.925,1,0
2026-03-12T21:44:32.881025,2,ADULT,CRITICAL,front_left,2.31,0.929,1,0
2026-03-12T21:44:33.179258,2,ADULT,CRITICAL,front_left,2.3,0.923,1,0
2026-03-12T21:44:33.358311,2,ADULT,CRITICAL,front_left,2.31,0.932,1,0
2026-03-12T21:44:33.593333,2,ADULT,CRITICAL,front_left,2.31,0.935,1,0
2026-03-12T21:44:33.860474,2,ADULT,CRITICAL,front_left,2.31,0.925,1,0
2026-03-12T21:44:34.151961,2,ADULT,CRITICAL,front_left,2.31,0.926,1,0
2026-03-12T21:44:34.428871,2,ADULT,CRITICAL,front_left,2.31,0.92,1,0
2026-03-12T21:44:34.700496,2,ADULT,CRITICAL,front_left,2.31,0.932,1,0
2026-03-12T21:44:34.980438,2,ADULT,CRITICAL,front_left,2.32,0.922,1,0
2026-03-12T21:44:35.258340,2,ADULT,CRITICAL,front_left,2.32,0.91,1,0
2026-03-12T21:44:35.531115,2,ADULT,CRITICAL,front_left,2.32,0.899,1,0
2026-03-12T21:44:35.818662,2,ADULT,CRITICAL,front_left,2.31,0.904,1,0
2026-03-12T21:44:36.081787,2,ADULT,CRITICAL,front_left,2.3,0.909,1,0
2026-03-12T21:44:36.348740,2,ADULT,CRITICAL,front_left,2.3,0.886,1,0
2026-03-12T21:44:36.606545,2,ADULT,CRITICAL,front_left,2.28,0.881,1,0
2026-03-12T21:44:36.823341,2,ADULT,CRITICAL,front_left,2.27,0.887,1,0
2026-03-12T21:44:36.935190,2,ADULT,CRITICAL,front_left,2.27,0.864,1,0
2026-03-12T21:44:37.098317,2,ADULT,CRITICAL,front_left,2.26,0.864,1,0
2026-03-12T21:44:37.282219,2,ADULT,CRITICAL,front_left,2.25,0.867,1,0
2026-03-12T21:44:37.416375,2,ADULT,CRITICAL,front_left,2.25,0.879,1,0
2026-03-12T21:44:37.660476,2,ADULT,CRITICAL,front_left,2.25,0.891,1,0
2026-03-12T21:44:37.881056,2,ADULT,CRITICAL,front_left,2.25,0.892,1,0
2026-03-12T21:44:38.102297,2,ADULT,CRITICAL,front_left,2.24,0.883,1,0
2026-03-12T21:44:38.278528,2,ADULT,CRITICAL,front_left,2.25,0.899,1,0
2026-03-12T21:44:38.449514,2,ADULT,CRITICAL,front_left,2.25,0.895,1,0
2026-03-12T21:44:38.657088,2,ADULT,CRITICAL,front_left,2.25,0.893,1,0
2026-03-12T21:44:38.865999,2,ADULT,CRITICAL,front_left,2.26,0.891,1,0
2026-03-12T21:44:39.064233,2,ADULT,CRITICAL,front_left,2.26,0.896,1,0
2026-03-12T21:44:39.260511,2,ADULT,CRITICAL,front_left,2.26,0.89,1,0
2026-03-12T21:44:39.389638,2,ADULT,CRITICAL,front_left,2.27,0.899,1,0
2026-03-12T21:44:39.563391,2,ADULT,CRITICAL,front_left,2.28,0.905,1,0
2026-03-12T21:44:39.719727,2,ADULT,CRITICAL,front_left,2.28,0.888,1,0
2026-03-12T21:44:39.910899,2,ADULT,CRITICAL,front_left,2.28,0.898,1,0
2026-03-12T21:44:40.096817,2,ADULT,CRITICAL,front_left,2.28,0.916,1,0
2026-03-12T21:44:40.304594,2,ADULT,CRITICAL,front_left,2.28,0.918,1,0
2026-03-12T21:44:40.450612,2,ADULT,CRITICAL,front_left,2.28,0.904,1,0
2026-03-12T21:44:40.603415,2,ADULT,CRITICAL,front_left,2.29,0.892,1,0
2026-03-12T21:44:40.839047,2,ADULT,CRITICAL,front_left,2.29,0.875,1,0
2026-03-12T21:44:41.062555,2,ADULT,CRITICAL,front_left,2.29,0.892,1,0
2026-03-12T21:44:41.321422,2,ADULT,CRITICAL,front_left,2.3,0.881,1,0
2026-03-12T21:44:41.575516,2,ADULT,CRITICAL,front_left,2.31,0.877,1,0
2026-03-12T21:44:41.870960,2,ADULT,CRITICAL,front_left,2.32,0.927,1,0
2026-03-12T21:44:42.107356,2,ADULT,CRITICAL,front_left,2.33,0.941,1,0
2026-03-12T21:44:42.327035,2,ADULT,CRITICAL,front_left,2.34,0.937,1,0
2026-03-12T21:44:42.551853,2,ADULT,CRITICAL,front_left,2.35,0.94,1,0
2026-03-12T21:44:42.750666,2,ADULT,CRITICAL,front_left,2.36,0.941,1,0
2026-03-12T21:44:42.909684,2,ADULT,CRITICAL,front_left,2.37,0.939,1,0
2026-03-12T21:44:43.094552,2,ADULT,CRITICAL,front_left,2.37,0.921,1,0
2026-03-12T21:44:43.267600,2,ADULT,CRITICAL,front_left,2.36,0.938,1,0
2026-03-12T21:44:43.583434,2,ADULT,CRITICAL,front_left,2.36,0.928,1,0
2026-03-12T21:44:43.795252,2,ADULT,CRITICAL,front_left,2.36,0.931,1,0
2026-03-12T21:44:44.008147,2,ADULT,CRITICAL,front_left,2.36,0.936,1,0
2026-03-12T21:44:44.278119,2,ADULT,CRITICAL,front_left,2.36,0.934,1,0
2026-03-12T21:44:44.528688,2,ADULT,CRITICAL,front_left,2.35,0.936,1,0
2026-03-12T21:44:44.740952,2,ADULT,CRITICAL,front_left,2.35,0.93,1,0
2026-03-12T21:44:44.926805,2,ADULT,CRITICAL,front_left,2.35,0.95,1,0
2026-03-12T21:44:45.079741,2,ADULT,CRITICAL,front_left,2.34,0.945,1,0
2026-03-12T21:44:45.269111,2,ADULT,CRITICAL,front_left,2.34,0.94,1,0
2026-03-12T21:44:45.496442,2,ADULT,CRITICAL,front_left,2.34,0.913,1,0
2026-03-12T21:44:45.718889,2,ADULT,CRITICAL,front_left,2.33,0.922,1,0
2026-03-12T21:44:45.856850,2,ADULT,CRITICAL,front_left,2.33,0.924,1,0
2026-03-12T21:44:45.973685,2,ADULT,CRITICAL,front_left,2.33,0.916,1,0
2026-03-12T21:44:46.212636,2,ADULT,CRITICAL,front_left,2.33,0.913,1,0
2026-03-12T21:44:46.469890,2,ADULT,CRITICAL,front_left,2.33,0.929,1,0
2026-03-12T21:44:46.713188,2,ADULT,CRITICAL,front_left,2.33,0.925,1,0
2026-03-12T21:44:46.910438,2,ADULT,CRITICAL,front_left,2.33,0.913,1,0
2026-03-12T21:44:47.086806,2,ADULT,CRITICAL,front_left,2.34,0.925,1,0
2026-03-12T21:44:47.236905,2,ADULT,CRITICAL,front_left,2.32,0.928,1,0
2026-03-12T21:44:47.359997,2,ADULT,CRITICAL,front_left,2.31,0.941,1,0
2026-03-12T21:44:47.458683,2,ADULT,CRITICAL,front_left,2.28,0.935,1,0
2026-03-12T21:44:47.550860,2,ADULT,CRITICAL,front_left,2.26,0.878,1,0
2026-03-12T21:44:47.655708,2,ADULT,CRITICAL,front_left,2.34,0.477,1,0
2026-03-12T21:44:47.765933,2,ADULT,CRITICAL,front_left,2.44,0.546,1,0
2026-03-12T21:44:47.852334,2,ADULT,CRITICAL,front_left,2.56,0.462,1,0
2026-03-12T21:44:47.941934,2,ADULT,CRITICAL,front_left,2.53,0.774,1,0
2026-03-12T21:44:48.102485,2,ADULT,CRITICAL,front_left,2.52,0.758,1,0
2026-03-12T21:44:48.254104,2,ADULT,CRITICAL,front_left,2.52,0.752,1,0
2026-03-12T21:44:48.444505,2,ADULT,CRITICAL,front_left,2.53,0.797,1,0
2026-03-12T21:44:48.667594,2,ADULT,CRITICAL,front_left,2.54,0.649,1,0
2026-03-12T21:44:48.816613,2,ADULT,CRITICAL,front_left,2.46,0.819,1,0
2026-03-12T21:44:48.993573,2,ADULT,CRITICAL,front_left,2.37,0.719,1,0
2026-03-12T21:44:49.163599,2,ADULT,CRITICAL,front_left,2.25,0.916,1,0
2026-03-12T21:44:49.348184,2,ADULT,CRITICAL,front_left,2.27,0.91,1,0
2026-03-12T21:44:49.605725,2,ADULT,CRITICAL,front_left,2.28,0.903,1,0
2026-03-12T21:44:49.790740,2,ADULT,CRITICAL,front_left,2.29,0.907,1,0
2026-03-12T21:44:50.006838,2,ADULT,CRITICAL,front_left,2.3,0.905,1,0
2026-03-12T21:44:50.180360,2,ADULT,CRITICAL,front_left,2.3,0.92,1,0
2026-03-12T21:44:50.311684,2,ADULT,CRITICAL,front_left,2.31,0.914,1,0
2026-03-12T21:44:50.482478,2,ADULT,CRITICAL,front_left,2.29,0.926,1,0
2026-03-12T21:44:50.633368,2,ADULT,CRITICAL,front_left,2.29,0.929,1,0
2026-03-12T21:44:50.829768,2,ADULT,CRITICAL,front_left,2.29,0.928,1,0
2026-03-12T21:44:51.090538,2,ADULT,CRITICAL,front_left,2.29,0.924,1,0
2026-03-12T21:44:51.321694,2,ADULT,CRITICAL,front_left,2.3,0.925,1,0
2026-03-12T21:44:51.537672,2,ADULT,CRITICAL,front_left,2.3,0.919,1,0
2026-03-12T21:44:51.774351,2,ADULT,CRITICAL,front_left,2.3,0.925,1,0
2026-03-12T21:44:51.963907,2,ADULT,CRITICAL,front_left,2.3,0.923,1,0
2026-03-12T21:44:52.180677,2,ADULT,CRITICAL,front_left,2.3,0.9,1,0
2026-03-12T21:44:52.355754,2,ADULT,CRITICAL,front_left,2.3,0.912,1,0
2026-03-12T21:44:52.583601,2,ADULT,CRITICAL,front_left,2.3,0.877,1,0
2026-03-12T21:44:52.786610,2,ADULT,CRITICAL,front_left,2.3,0.833,1,0
2026-03-12T21:44:52.969630,2,ADULT,CRITICAL,front_left,2.31,0.838,1,0
2026-03-12T21:44:53.150331,2,ADULT,CRITICAL,front_left,2.31,0.898,1,0
2026-03-12T21:44:53.357549,2,ADULT,CRITICAL,front_left,2.31,0.876,1,0
2026-03-12T21:44:53.486604,2,ADULT,CRITICAL,front_left,2.31,0.867,1,0
2026-03-12T21:44:53.672555,2,ADULT,CRITICAL,front_left,2.32,0.854,1,0
2026-03-12T21:44:53.899532,2,ADULT,CRITICAL,front_left,2.33,0.87,1,0
2026-03-12T21:44:54.105196,2,ADULT,CRITICAL,front_left,2.33,0.84,1,0
2026-03-12T21:44:54.105196,3,ADULT,CRITICAL,front_left,2.36,0.555,1,0
2026-03-12T21:44:54.301811,2,ADULT,CRITICAL,front_left,2.34,0.841,1,0
2026-03-12T21:44:54.301811,3,ADULT,CRITICAL,front_left,2.37,0.603,1,0
2026-03-12T21:44:54.430039,2,ADULT,CRITICAL,front_left,2.34,0.786,1,0
2026-03-12T21:44:54.430039,3,ADULT,CRITICAL,front_left,2.35,0.597,1,0
2026-03-12T21:44:54.608559,2,ADULT,CRITICAL,front_left,2.35,0.742,1,0
2026-03-12T21:44:54.608559,3,ADULT,CRITICAL,front_left,2.35,0.506,1,0
2026-03-12T21:44:54.722279,3,ADULT,CRITICAL,front_left,2.34,0.596,1,0
2026-03-12T21:44:54.722279,2,ADULT,CRITICAL,front_left,2.35,0.48,1,0
2026-03-12T21:44:54.985488,2,ADULT,CRITICAL,front_left,2.34,0.902,1,0
2026-03-12T21:44:55.125559,2,ADULT,CRITICAL,front_left,2.34,0.871,1,0
2026-03-12T21:44:55.329413,2,ADULT,CRITICAL,front_left,2.34,0.876,1,0
2026-03-12T21:44:55.439934,2,ADULT,CRITICAL,front_left,2.33,0.871,1,0
2026-03-12T21:44:55.611289,2,ADULT,CRITICAL,front_left,2.34,0.898,1,0
2026-03-12T21:44:55.771950,2,ADULT,CRITICAL,front_left,2.34,0.893,1,0
2026-03-12T21:44:55.985110,3,ADULT,CRITICAL,front_left,2.34,0.719,1,0
2026-03-12T21:44:56.210379,2,ADULT,CRITICAL,front_left,2.34,0.8,1,0
2026-03-12T21:44:56.441114,2,ADULT,CRITICAL,front_left,2.34,0.782,1,0
2026-03-12T21:44:56.562325,2,ADULT,CRITICAL,front_left,2.34,0.675,1,0
2026-03-12T21:44:56.698969,2,ADULT,CRITICAL,front_left,2.34,0.865,1,0
2026-03-12T21:44:56.829609,2,ADULT,CRITICAL,front_left,2.34,0.877,1,0
2026-03-12T21:44:56.934682,2,ADULT,CRITICAL,front_left,2.34,0.906,1,0
2026-03-12T21:44:57.014456,2,ADULT,CRITICAL,front_left,2.34,0.888,1,0
2026-03-12T21:44:57.085694,2,ADULT,CRITICAL,front_left,2.34,0.891,1,0
2026-03-12T21:44:57.168271,2,ADULT,CRITICAL,front_left,2.34,0.912,1,0
2026-03-12T21:44:57.246131,2,ADULT,CRITICAL,front_left,2.34,0.878,1,0
2026-03-12T21:44:57.327359,2,ADULT,CRITICAL,front_left,2.34,0.878,1,0
2026-03-12T21:44:57.412172,2,ADULT,CRITICAL,front_left,2.34,0.875,1,0
2026-03-12T21:44:57.495734,2,ADULT,CRITICAL,front_left,2.34,0.858,1,0
2026-03-12T21:44:57.653481,2,ADULT,CRITICAL,front_left,2.33,0.813,1,0
2026-03-12T21:44:57.743175,2,ADULT,CRITICAL,front_left,2.33,0.865,1,0
2026-03-12T21:44:57.832033,2,ADULT,CRITICAL,front_left,2.33,0.869,1,0
2026-03-12T21:44:57.997506,2,ADULT,CRITICAL,front_left,2.33,0.883,1,0
2026-03-12T21:44:58.267470,2,ADULT,CRITICAL,front_left,2.33,0.884,1,0
2026-03-12T21:44:58.439479,2,ADULT,CRITICAL,front_left,2.33,0.882,1,0
2026-03-12T21:44:58.615905,2,ADULT,CRITICAL,front_left,2.33,0.835,1,0
2026-03-12T21:44:58.718604,2,ADULT,CRITICAL,front_left,2.33,0.639,1,0
2026-03-12T21:44:58.830691,2,ADULT,CRITICAL,front_left,2.33,0.81,1,0
2026-03-12T21:44:59.009240,2,ADULT,CRITICAL,front_left,2.32,0.462,1,0
2026-03-12T21:44:59.231579,2,ADULT,CRITICAL,front_left,2.35,0.473,1,0
2026-03-12T21:44:59.231579,4,ADULT,WARNING,rear_right,4.24,0.45,1,0
2026-03-12T21:44:59.400788,2,ADULT,CRITICAL,front_left,2.36,0.709,1,0
2026-03-12T21:44:59.531672,2,ADULT,CRITICAL,front_left,2.36,0.811,1,0
2026-03-12T21:44:59.641487,2,ADULT,CRITICAL,front_left,2.37,0.739,1,0
2026-03-12T21:44:59.724303,2,ADULT,CRITICAL,front_left,2.37,0.83,1,0
2026-03-12T21:44:59.809232,2,ADULT,CRITICAL,front_left,2.37,0.865,1,0
2026-03-12T21:44:59.886782,2,ADULT,CRITICAL,front_left,2.36,0.819,1,0
2026-03-12T21:44:59.964435,2,ADULT,CRITICAL,front_left,2.36,0.914,1,0
2026-03-12T21:45:00.082349,2,ADULT,CRITICAL,front_left,2.37,0.763,1,0
2026-03-12T21:45:00.223513,2,ADULT,CRITICAL,front_left,2.37,0.864,1,0
2026-03-12T21:45:00.471791,2,ADULT,CRITICAL,front_left,2.38,0.841,1,0
2026-03-12T21:45:00.632344,2,ADULT,CRITICAL,front_left,2.38,0.627,1,0
2026-03-12T21:45:00.853615,2,ADULT,CRITICAL,front_left,2.39,0.401,1,0
2026-03-12T21:45:01.063214,2,ADULT,CRITICAL,front_left,2.4,0.766,1,0
2026-03-12T21:45:01.304510,2,ADULT,CRITICAL,front_left,2.41,0.749,1,0
2026-03-12T21:45:01.456912,2,ADULT,CRITICAL,front_left,2.42,0.63,1,0
2026-03-12T21:45:01.619033,2,ADULT,CRITICAL,front_left,2.42,0.629,1,0
2026-03-12T21:45:01.787011,2,ADULT,CRITICAL,front_left,2.42,0.694,1,0
2026-03-12T21:45:01.933134,2,ADULT,CRITICAL,front_left,2.42,0.722,1,0
2026-03-12T21:45:02.099829,2,ADULT,CRITICAL,front_left,2.42,0.447,1,0
2026-03-12T21:45:02.220523,2,ADULT,CRITICAL,front_left,2.41,0.454,1,0
2026-03-12T21:45:02.392392,2,ADULT,CRITICAL,front_left,2.4,0.585,1,0
2026-03-12T21:45:02.543302,2,ADULT,CRITICAL,front_left,2.39,0.382,1,0
2026-03-12T21:45:02.720089,2,ADULT,CRITICAL,front_left,2.38,0.485,1,0
2026-03-12T21:45:02.831423,2,ADULT,CRITICAL,front_left,2.37,0.556,1,0
2026-03-12T21:45:02.991284,2,ADULT,CRITICAL,front_left,2.36,0.693,1,0
2026-03-12T21:45:03.189454,2,ADULT,CRITICAL,front_left,2.36,0.668,1,0
2026-03-12T21:45:03.401464,2,ADULT,CRITICAL,front_left,2.36,0.717,1,0
2026-03-12T21:45:03.605357,2,ADULT,CRITICAL,front_left,2.35,0.869,1,0
2026-03-12T21:45:03.816513,2,ADULT,CRITICAL,front_left,2.35,0.791,1,0
2026-03-12T21:45:04.085346,2,ADULT,CRITICAL,front_left,2.35,0.76,1,0
2026-03-12T21:45:04.321834,2,ADULT,CRITICAL,front_left,2.35,0.595,1,0
2026-03-12T21:45:04.507973,2,ADULT,CRITICAL,front_left,2.35,0.406,1,0
2026-03-12T21:45:04.748324,2,ADULT,CRITICAL,front_left,2.35,0.463,1,0
2026-03-12T21:45:04.914129,2,ADULT,CRITICAL,front_left,2.35,0.753,1,0
2026-03-12T21:45:05.126316,2,ADULT,CRITICAL,front_left,2.35,0.657,1,0
2026-03-12T21:45:05.126316,5,ADULT,CRITICAL,front_left,2.35,0.387,1,0
2026-03-12T21:45:05.267998,2,ADULT,CRITICAL,front_left,2.35,0.732,1,0
2026-03-12T21:45:05.382376,2,ADULT,CRITICAL,front_left,2.35,0.451,1,0
2026-03-12T21:45:05.526269,2,ADULT,CRITICAL,front_left,2.42,0.399,1,0
2026-03-12T21:45:05.624979,2,ADULT,CRITICAL,front_left,2.42,0.587,1,0
2026-03-12T21:45:05.707652,2,ADULT,CRITICAL,front_left,2.42,0.645,1,0
2026-03-12T21:45:05.881665,2,ADULT,CRITICAL,front_left,2.42,0.687,1,0
2026-03-12T21:45:06.049261,2,ADULT,CRITICAL,front_left,2.42,0.684,1,0
2026-03-12T21:45:06.258705,2,ADULT,CRITICAL,front_left,2.42,0.64,1,0
2026-03-12T21:45:06.480939,2,ADULT,CRITICAL,front_left,2.42,0.754,1,0
2026-03-12T21:45:06.600397,2,ADULT,CRITICAL,front_left,2.42,0.696,1,0
2026-03-12T21:45:06.680162,2,ADULT,CRITICAL,front_left,2.42,0.68,1,0
2026-03-12T21:45:06.779732,2,ADULT,CRITICAL,front_left,2.42,0.463,1,0
2026-03-12T21:45:06.877069,2,ADULT,CRITICAL,front_left,2.42,0.737,1,0
2026-03-12T21:45:06.991849,2,ADULT,CRITICAL,front_left,2.42,0.828,1,0
2026-03-12T21:45:07.132406,2,ADULT,CRITICAL,front_left,2.42,0.82,1,0
2026-03-12T21:45:07.294242,2,ADULT,CRITICAL,front_left,2.42,0.914,1,0
2026-03-12T21:45:07.382513,2,ADULT,CRITICAL,front_left,2.42,0.905,1,0
2026-03-12T21:45:07.473360,2,ADULT,CRITICAL,front_left,2.42,0.912,1,0
2026-03-12T21:45:07.562416,2,ADULT,CRITICAL,front_left,2.42,0.886,1,0
2026-03-12T21:45:07.682271,2,ADULT,CRITICAL,front_left,2.42,0.914,1,0
2026-03-12T21:45:07.846658,2,ADULT,CRITICAL,front_left,2.42,0.893,1,0
2026-03-12T21:45:08.057251,2,ADULT,CRITICAL,front_left,2.42,0.874,1,0
2026-03-12T21:45:08.249474,2,ADULT,CRITICAL,front_left,2.42,0.924,1,0
2026-03-12T21:45:08.406231,2,ADULT,CRITICAL,front_left,2.42,0.891,1,0
2026-03-12T21:45:08.561189,2,ADULT,CRITICAL,front_left,2.42,0.906,1,0
2026-03-12T21:45:08.787189,2,ADULT,CRITICAL,front_left,2.42,0.782,1,0
2026-03-12T21:45:08.943392,2,ADULT,CRITICAL,front_left,2.41,0.656,1,0
2026-03-12T21:45:09.082378,2,ADULT,CRITICAL,front_left,2.4,0.771,1,0
2026-03-12T21:45:09.231439,2,ADULT,CRITICAL,front_left,2.39,0.845,1,0
2026-03-12T21:45:09.383216,2,ADULT,CRITICAL,front_left,2.39,0.574,1,0
2026-03-12T21:45:09.546421,2,ADULT,CRITICAL,front_left,2.38,0.776,1,0
2026-03-12T21:45:09.758395,2,ADULT,CRITICAL,front_left,2.37,0.579,1,0
2026-03-12T21:45:10.270061,2,ADULT,CRITICAL,front_left,2.36,0.529,1,0
2026-03-12T21:45:10.677703,2,ADULT,CRITICAL,front_left,2.36,0.769,1,0
2026-03-12T21:45:10.989452,2,ADULT,CRITICAL,front_left,2.37,0.904,1,0
2026-03-12T21:45:11.136402,2,ADULT,CRITICAL,front_left,2.37,0.628,1,0
2026-03-12T21:45:11.340214,2,ADULT,CRITICAL,front_left,2.36,0.783,1,0
2026-03-12T21:45:11.487393,2,ADULT,CRITICAL,front_left,2.36,0.432,1,0
2026-03-12T21:45:11.634291,2,ADULT,CRITICAL,front_left,2.36,0.38,1,0
2026-03-12T21:45:12.018589,2,ADULT,CRITICAL,front_left,2.36,0.474,1,0
2026-03-12T21:45:12.244581,2,ADULT,CRITICAL,front_left,2.36,0.625,1,0
2026-03-12T21:45:12.393318,2,ADULT,CRITICAL,front_left,2.36,0.393,1,0
2026-03-12T21:45:12.604146,2,ADULT,CRITICAL,front_left,2.36,0.489,1,0
2026-03-12T21:45:12.781104,6,ADULT,CRITICAL,front_left,2.37,0.744,1,0
2026-03-12T21:45:12.886010,6,ADULT,CRITICAL,front_left,2.36,0.782,1,0
2026-03-12T21:45:13.001390,6,ADULT,CRITICAL,front_left,2.36,0.673,1,0
2026-03-12T21:45:13.287260,6,ADULT,CRITICAL,front_left,2.35,0.591,1,0
2026-03-12T21:45:13.375204,6,ADULT,CRITICAL,front_left,2.35,0.53,1,0
2026-03-12T21:45:13.673286,6,ADULT,CRITICAL,front_left,2.34,0.736,1,0
2026-03-12T21:45:13.853452,6,ADULT,CRITICAL,front_left,2.34,0.736,1,0
2026-03-12T21:45:14.255396,2,ADULT,CRITICAL,front_left,2.38,0.728,1,0
2026-03-12T21:45:14.415672,2,ADULT,CRITICAL,front_left,2.39,0.395,1,0
2026-03-12T21:45:14.582054,2,ADULT,CRITICAL,front_left,2.4,0.39,1,0
2026-03-12T21:45:14.768088,2,ADULT,CRITICAL,front_left,2.39,0.439,1,0
2026-03-12T21:45:14.978160,2,ADULT,CRITICAL,front_left,2.39,0.873,1,0
2026-03-12T21:45:15.123599,2,ADULT,CRITICAL,front_left,2.39,0.813,1,0
2026-03-12T21:45:15.341951,2,ADULT,CRITICAL,front_left,2.39,0.727,1,0
2026-03-12T21:45:15.535643,2,ADULT,CRITICAL,front_left,2.38,0.755,1,0
2026-03-12T21:45:15.760115,2,ADULT,CRITICAL,front_left,2.38,0.386,1,0
2026-03-12T21:45:15.905405,2,ADULT,CRITICAL,front_left,2.37,0.664,1,0
2026-03-12T21:45:16.058028,2,ADULT,CRITICAL,front_left,2.37,0.568,1,0
2026-03-12T21:45:16.166232,2,ADULT,CRITICAL,front_left,2.37,0.736,1,0
2026-03-12T21:45:16.260556,2,ADULT,CRITICAL,front_left,2.37,0.609,1,0
2026-03-12T21:45:16.451970,2,ADULT,CRITICAL,front_left,2.36,0.537,1,0
2026-03-12T21:45:16.541454,2,ADULT,CRITICAL,front_left,2.36,0.477,1,0
2026-03-12T21:45:16.626175,2,ADULT,CRITICAL,front_left,2.36,0.688,1,0
2026-03-12T21:45:16.851131,2,ADULT,CRITICAL,front_left,2.41,0.562,1,0
2026-03-12T21:45:17.022012,2,ADULT,CRITICAL,front_left,2.42,0.511,1,0
2026-03-12T21:45:17.177863,2,ADULT,CRITICAL,front_left,2.42,0.492,1,0
2026-03-12T21:45:17.391594,2,ADULT,CRITICAL,front_left,2.42,0.439,1,0
2026-03-12T21:45:18.171340,2,ADULT,CRITICAL,front_left,2.38,0.635,1,0
2026-03-12T21:45:18.322490,2,ADULT,CRITICAL,front_left,2.38,0.583,1,0
2026-03-12T21:45:18.436133,2,ADULT,CRITICAL,front_left,2.38,0.441,1,0
2026-03-12T21:45:19.099760,2,ADULT,CRITICAL,front_left,2.37,0.537,1,0
2026-03-12T21:45:19.545678,2,ADULT,CRITICAL,front_left,2.37,0.603,1,0
2026-03-12T21:45:20.095837,2,ADULT,CRITICAL,front_left,2.37,0.493,1,0
2026-03-12T21:45:21.631835,2,ADULT,CRITICAL,front_left,2.37,0.568,1,0
2026-03-12T21:45:22.449814,2,ADULT,CRITICAL,front_left,2.44,0.508,1,0
2026-03-12T21:45:22.614692,2,ADULT,CRITICAL,front_left,2.45,0.397,1,0
2026-03-12T21:45:23.624086,6,ADULT,CRITICAL,front_left,1.86,0.526,1,0
2026-03-12T21:45:23.789015,6,ADULT,CRITICAL,front_left,1.89,0.629,1,0
2026-03-12T21:45:23.971601,6,ADULT,CRITICAL,front_left,1.88,0.534,1,0
2026-03-12T21:45:24.117790,6,ADULT,CRITICAL,front_left,1.87,0.669,1,0
2026-03-12T21:45:24.286750,6,ADULT,CRITICAL,front_left,1.86,0.607,1,0
2026-03-12T21:45:24.471102,6,ADULT,CRITICAL,front_left,1.85,0.614,1,0
2026-03-12T21:45:24.606445,6,ADULT,CRITICAL,front_left,1.84,0.767,1,0
2026-03-12T21:45:24.770285,6,ADULT,CRITICAL,front_left,1.83,0.672,1,0
2026-03-12T21:45:24.971185,6,ADULT,CRITICAL,front_left,1.83,0.687,1,0
2026-03-12T21:45:25.089491,6,ADULT,CRITICAL,front_left,1.83,0.659,1,0
2026-03-12T21:45:25.233179,6,ADULT,CRITICAL,front_left,1.82,0.647,1,0
2026-03-12T21:45:25.385651,6,ADULT,CRITICAL,front_left,1.82,0.76,1,0
2026-03-12T21:45:25.504588,6,ADULT,CRITICAL,front_left,1.82,0.753,1,0
2026-03-12T21:45:25.589051,6,ADULT,CRITICAL,front_left,1.83,0.614,1,0
2026-03-12T21:45:25.666284,6,ADULT,CRITICAL,front_left,1.83,0.687,1,0
2026-03-12T21:45:25.748541,6,ADULT,CRITICAL,front_left,1.83,0.567,1,0
2026-03-12T21:45:25.819698,6,ADULT,CRITICAL,front_left,1.83,0.562,1,0
2026-03-12T21:45:25.903216,6,ADULT,CRITICAL,front_left,1.83,0.684,1,0
2026-03-12T21:45:25.987857,6,ADULT,CRITICAL,front_left,1.83,0.595,1,0
2026-03-12T21:45:26.084328,6,ADULT,CRITICAL,front_left,1.83,0.595,1,0
2026-03-12T21:45:26.176331,6,ADULT,CRITICAL,front_left,1.83,0.674,1,0
2026-03-12T21:45:26.295312,6,ADULT,CRITICAL,front_left,1.83,0.596,1,0
2026-03-12T21:45:26.531031,6,ADULT,CRITICAL,front_left,1.83,0.684,1,0
2026-03-12T21:45:26.741919,6,ADULT,CRITICAL,front_left,1.83,0.84,1,0
2026-03-12T21:45:26.925532,6,ADULT,CRITICAL,front_left,1.82,0.594,1,0
2026-03-12T21:45:27.076974,6,ADULT,CRITICAL,front_left,1.82,0.795,1,0
2026-03-12T21:45:27.267534,6,ADULT,CRITICAL,front_left,1.84,0.607,1,0
2026-03-12T21:45:27.469634,6,ADULT,CRITICAL,front_left,1.87,0.459,1,0
2026-03-12T21:45:27.775612,6,ADULT,CRITICAL,front_left,1.93,0.517,1,0
2026-03-12T21:45:27.908202,7,ADULT,CRITICAL,front_left,2.1,0.402,1,0
2026-03-12T21:45:30.621583,7,ADULT,CRITICAL,front_left,2.21,0.555,1,0
2026-03-12T21:45:32.545473,7,ADULT,CRITICAL,front_left,2.28,0.396,1,0
2026-03-12T21:45:32.731713,7,ADULT,CRITICAL,front_left,2.27,0.699,1,0
2026-03-12T21:45:32.866570,7,ADULT,CRITICAL,front_left,2.27,0.558,1,0
2026-03-12T21:45:32.945578,7,ADULT,CRITICAL,front_left,2.27,0.592,1,0
2026-03-12T21:45:33.024534,7,ADULT,CRITICAL,front_left,2.27,0.699,1,0
2026-03-12T21:45:33.024534,6,ADULT,CRITICAL,front_right,1.7,0.391,1,0
2026-03-12T21:45:33.100917,7,ADULT,CRITICAL,front_left,2.27,0.792,1,0
2026-03-12T21:45:33.189589,7,ADULT,CRITICAL,front_left,2.27,0.674,1,0
2026-03-12T21:45:33.283456,7,ADULT,CRITICAL,front_left,2.27,0.771,1,0
2026-03-12T21:45:33.363688,7,ADULT,CRITICAL,front_left,2.27,0.637,1,0
2026-03-12T21:45:33.438259,7,ADULT,CRITICAL,front_left,2.27,0.64,1,0
2026-03-12T21:45:33.507520,7,ADULT,CRITICAL,front_left,2.27,0.77,1,0
2026-03-12T21:45:33.588897,7,ADULT,CRITICAL,front_left,2.26,0.624,1,0
2026-03-12T21:45:33.665348,7,ADULT,CRITICAL,front_left,2.26,0.766,1,0
2026-03-12T21:45:33.738225,7,ADULT,CRITICAL,front_left,2.26,0.764,1,0
2026-03-12T21:45:33.810486,7,ADULT,CRITICAL,front_left,2.26,0.81,1,0
2026-03-12T21:45:33.884537,7,ADULT,CRITICAL,front_left,2.26,0.732,1,0
2026-03-12T21:45:33.949424,7,ADULT,CRITICAL,front_left,2.26,0.791,1,0
2026-03-12T21:54:08.566510,2,ADULT,CRITICAL,front_left,2.49,0.862,0,0
2026-03-12T21:54:08.566510,3,ADULT,CAUTION,rear_right,5.49,0.571,0,0
2026-03-12T21:54:08.754286,2,ADULT,CRITICAL,front_left,2.48,0.874,1,0
2026-03-12T21:54:08.754286,3,ADULT,CAUTION,rear_right,5.46,0.621,1,0
2026-03-12T21:54:09.002611,2,ADULT,CRITICAL,front_left,2.48,0.863,1,0
2026-03-12T21:54:09.002611,3,ADULT,CAUTION,rear_right,5.46,0.706,1,0
2026-03-12T21:54:09.266273,2,ADULT,CRITICAL,front_left,2.47,0.863,1,0
2026-03-12T21:54:09.266273,3,ADULT,CAUTION,rear_right,5.46,0.676,1,0
2026-03-12T21:54:09.536213,2,ADULT,CRITICAL,front_left,2.47,0.87,1,0
2026-03-12T21:54:09.536213,3,ADULT,CAUTION,rear_right,5.45,0.667,1,0
2026-03-12T21:54:09.793916,2,ADULT,CRITICAL,front_left,2.46,0.882,1,0
2026-03-12T21:54:09.793916,3,ADULT,CAUTION,rear_right,5.45,0.676,1,0
2026-03-12T21:54:09.928597,2,ADULT,CRITICAL,front_left,2.46,0.876,1,0
2026-03-12T21:54:09.928597,3,ADULT,CAUTION,rear_right,5.45,0.652,1,0
2026-03-12T21:54:10.177705,2,ADULT,CRITICAL,front_left,2.45,0.869,1,0
2026-03-12T21:54:10.177705,3,ADULT,CAUTION,rear_right,5.45,0.67,1,0
2026-03-12T21:54:10.379894,2,ADULT,CRITICAL,front_left,2.44,0.869,1,0
2026-03-12T21:54:10.379894,3,ADULT,CAUTION,rear_right,5.45,0.638,1,0
2026-03-12T21:54:10.594279,2,ADULT,CRITICAL,front_left,2.43,0.858,1,0
2026-03-12T21:54:10.594279,3,ADULT,CAUTION,rear_right,5.45,0.603,1,0
2026-03-12T21:54:10.753349,2,ADULT,CRITICAL,front_left,2.42,0.862,1,0
2026-03-12T21:54:10.753349,3,ADULT,CAUTION,rear_right,5.46,0.602,1,0
2026-03-12T21:54:10.919137,2,ADULT,CRITICAL,front_left,2.41,0.766,1,0
2026-03-12T21:54:10.919137,3,ADULT,CAUTION,rear_right,5.46,0.647,1,0
2026-03-12T21:54:11.074138,2,ADULT,CRITICAL,front_left,2.41,0.828,1,0
2026-03-12T21:54:11.074138,3,ADULT,CAUTION,rear_right,5.46,0.632,1,0
2026-03-12T21:54:11.167785,2,ADULT,CRITICAL,front_left,2.41,0.871,1,0
2026-03-12T21:54:11.167785,3,ADULT,CAUTION,rear_right,5.46,0.602,1,0
2026-03-12T21:54:11.253237,2,ADULT,CRITICAL,front_left,2.41,0.87,1,0
2026-03-12T21:54:11.253237,3,ADULT,CAUTION,rear_right,5.46,0.59,1,0
2026-03-12T21:54:11.324291,2,ADULT,CRITICAL,front_left,2.42,0.88,1,0
2026-03-12T21:54:11.324291,3,ADULT,CAUTION,rear_right,5.46,0.62,1,0
2026-03-12T21:54:11.717509,2,ADULT,CRITICAL,front_left,2.42,0.887,1,0
2026-03-12T21:54:11.717509,3,ADULT,CAUTION,rear_right,5.46,0.67,1,0
2026-03-12T21:54:11.956912,2,ADULT,CRITICAL,front_left,2.42,0.874,1,0
2026-03-12T21:54:11.956912,3,ADULT,CAUTION,rear_right,5.46,0.704,1,0
2026-03-12T21:54:12.099673,2,ADULT,CRITICAL,front_left,2.42,0.843,1,0
2026-03-12T21:54:12.099673,3,ADULT,CAUTION,rear_right,5.46,0.686,1,0
2026-03-12T21:54:12.331968,2,ADULT,CRITICAL,front_left,2.42,0.857,1,0
2026-03-12T21:54:12.331968,3,ADULT,CAUTION,rear_right,5.46,0.682,1,0
2026-03-12T21:54:12.551600,2,ADULT,CRITICAL,front_left,2.41,0.873,1,0
2026-03-12T21:54:12.551600,3,ADULT,CAUTION,rear_right,5.47,0.704,1,0
2026-03-12T21:54:12.666678,2,ADULT,CRITICAL,front_left,2.4,0.878,1,0
2026-03-12T21:54:12.666678,3,ADULT,CAUTION,rear_right,5.47,0.679,1,0
2026-03-12T21:54:12.884418,2,ADULT,CRITICAL,front_left,2.39,0.87,1,0
2026-03-12T21:54:12.884418,3,ADULT,CAUTION,rear_right,5.48,0.695,1,0
2026-03-12T21:54:13.020145,2,ADULT,CRITICAL,front_left,2.39,0.86,1,0
2026-03-12T21:54:13.020145,3,ADULT,CAUTION,rear_right,5.48,0.658,1,0
2026-03-12T21:54:13.163188,2,ADULT,CRITICAL,front_left,2.38,0.841,1,0
2026-03-12T21:54:13.163188,3,ADULT,CAUTION,rear_right,5.48,0.662,1,0
2026-03-12T21:54:13.296407,3,ADULT,CAUTION,rear_right,5.48,0.655,1,0
2026-03-12T21:54:13.296407,2,ADULT,CRITICAL,front_left,2.38,0.554,1,0
2026-03-12T21:54:13.387372,2,ADULT,CRITICAL,front_left,2.38,0.704,1,0
2026-03-12T21:54:13.387372,3,ADULT,CAUTION,rear_right,5.48,0.645,1,0
2026-03-12T21:54:13.491022,3,ADULT,CAUTION,rear_right,5.48,0.648,1,0
2026-03-12T21:54:13.491022,2,ADULT,CRITICAL,front_left,2.38,0.512,1,0
2026-03-12T21:54:13.589499,3,ADULT,CAUTION,rear_right,5.47,0.675,1,0
2026-03-12T21:54:13.589499,2,ADULT,CRITICAL,front_left,2.39,0.439,1,0
2026-03-12T21:54:13.706501,3,ADULT,CAUTION,rear_right,5.47,0.663,1,0
2026-03-12T21:54:13.706501,2,ADULT,CRITICAL,front_left,2.39,0.584,1,0
2026-03-12T21:54:13.925522,3,ADULT,CAUTION,rear_right,5.47,0.675,1,0
2026-03-12T21:54:13.925522,2,ADULT,CRITICAL,front_left,2.4,0.537,1,0
2026-03-12T21:54:14.045658,2,ADULT,CRITICAL,front_left,2.4,0.689,1,0
2026-03-12T21:54:14.045658,3,ADULT,CAUTION,rear_right,5.47,0.686,1,0
2026-03-12T21:54:14.146836,3,ADULT,CAUTION,rear_right,5.47,0.727,1,0
2026-03-12T21:54:14.146836,2,ADULT,CRITICAL,front_left,2.4,0.417,1,0
2026-03-12T21:54:14.311888,3,ADULT,CAUTION,rear_right,5.48,0.608,1,0
2026-03-12T21:54:14.311888,2,ADULT,CRITICAL,front_left,2.4,0.529,1,0
2026-03-12T21:54:14.446826,3,ADULT,CAUTION,rear_right,5.48,0.658,1,0
2026-03-12T21:54:14.603487,3,ADULT,CAUTION,rear_right,5.47,0.656,1,0
2026-03-12T21:54:14.783803,3,ADULT,CAUTION,rear_right,5.48,0.745,1,0
2026-03-12T21:54:14.783803,2,ADULT,CRITICAL,front_left,2.29,0.493,1,0
2026-03-12T21:54:15.014340,2,ADULT,CRITICAL,front_left,2.32,0.718,1,0
2026-03-12T21:54:15.014340,3,ADULT,CAUTION,rear_right,5.48,0.658,1,0
2026-03-12T21:54:15.233057,2,ADULT,CRITICAL,front_left,2.33,0.807,1,0
2026-03-12T21:54:15.233057,3,ADULT,CAUTION,rear_right,5.48,0.658,1,0
2026-03-12T21:54:15.451651,2,ADULT,CRITICAL,front_left,2.34,0.673,1,0
2026-03-12T21:54:15.451651,3,ADULT,CAUTION,rear_right,5.48,0.67,1,0
2026-03-12T21:54:15.613704,3,ADULT,CAUTION,rear_right,5.48,0.698,1,0
2026-03-12T21:54:15.613704,2,ADULT,CRITICAL,front_left,2.35,0.539,1,0
2026-03-12T21:54:15.719623,3,ADULT,CAUTION,rear_right,5.47,0.697,1,0
2026-03-12T21:54:15.719623,2,ADULT,CRITICAL,front_left,2.36,0.5,1,0
2026-03-12T21:54:15.863079,3,ADULT,CAUTION,rear_right,5.47,0.658,1,0
2026-03-12T21:54:15.863079,2,ADULT,CRITICAL,front_left,2.37,0.47,1,0
2026-03-12T21:54:16.080169,3,ADULT,CAUTION,rear_right,5.47,0.657,1,0
2026-03-12T21:54:16.080169,2,ADULT,CRITICAL,front_left,2.37,0.541,1,0
2026-03-12T21:54:16.277026,3,ADULT,CAUTION,rear_right,5.47,0.734,1,0
2026-03-12T21:54:16.277026,2,ADULT,CRITICAL,front_left,2.38,0.659,1,0
2026-03-12T21:54:16.450567,3,ADULT,CAUTION,rear_right,5.46,0.715,1,0
2026-03-12T21:54:16.450567,2,ADULT,CRITICAL,front_left,2.39,0.502,1,0
2026-03-12T21:54:16.631799,3,ADULT,CAUTION,rear_right,5.46,0.727,1,0
2026-03-12T21:54:16.770078,3,ADULT,CAUTION,rear_right,5.46,0.681,1,0
2026-03-12T21:54:16.770078,2,ADULT,CRITICAL,front_left,2.37,0.583,1,0
2026-03-12T21:54:16.936380,3,ADULT,CAUTION,rear_right,5.46,0.687,1,0
2026-03-12T21:54:16.936380,2,ADULT,CRITICAL,front_left,2.38,0.487,1,0
2026-03-12T21:54:17.100626,2,ADULT,CRITICAL,front_left,2.38,0.719,1,0
2026-03-12T21:54:17.100626,3,ADULT,CAUTION,rear_right,5.45,0.691,1,0
2026-03-12T21:54:17.235817,2,ADULT,CRITICAL,front_left,2.39,0.803,1,0
2026-03-12T21:54:17.235817,3,ADULT,CAUTION,rear_right,5.45,0.685,1,0
2026-03-12T21:54:17.410949,2,ADULT,CRITICAL,front_left,2.39,0.777,1,0
2026-03-12T21:54:17.410949,3,ADULT,CAUTION,rear_right,5.44,0.725,1,0
2026-03-12T21:54:17.617319,2,ADULT,CRITICAL,front_left,2.4,0.837,1,0
2026-03-12T21:54:17.617319,5,ADULT,CRITICAL,front_left,4.11,0.626,1,0
2026-03-12T21:54:17.617319,3,ADULT,CAUTION,rear_right,5.43,0.495,1,0
2026-03-12T21:54:17.775434,2,ADULT,CRITICAL,front_left,2.41,0.858,1,0
2026-03-12T21:54:17.775434,5,CHILD,CRITICAL,front_left,3.43,0.575,1,0
2026-03-12T21:54:17.775434,3,ADULT,CAUTION,rear_right,5.43,0.555,1,0
2026-03-12T21:54:17.946460,2,ADULT,CRITICAL,front_left,2.41,0.853,1,0
2026-03-12T21:54:17.946460,5,ADULT,CRITICAL,front_left,3.63,0.658,1,0
2026-03-12T21:54:17.946460,3,ADULT,CAUTION,rear_right,5.42,0.539,1,0
2026-03-12T21:54:18.077530,2,ADULT,CRITICAL,front_left,2.42,0.888,1,0
2026-03-12T21:54:18.077530,3,ADULT,CAUTION,rear_right,5.41,0.646,1,0
2026-03-12T21:54:18.077530,5,CHILD,CRITICAL,front_left,3.45,0.579,1,0
2026-03-12T21:54:18.231259,2,ADULT,CRITICAL,front_left,2.43,0.807,1,0
2026-03-12T21:54:18.231259,3,ADULT,CAUTION,rear_right,5.42,0.615,1,0
2026-03-12T21:54:18.351513,2,ADULT,CRITICAL,front_left,2.44,0.87,1,0
2026-03-12T21:54:18.351513,3,ADULT,CAUTION,rear_right,5.42,0.546,1,0
2026-03-12T21:54:18.445364,2,ADULT,CRITICAL,front_left,2.45,0.883,1,0
2026-03-12T21:54:18.445364,3,ADULT,CAUTION,rear_right,5.42,0.524,1,0
2026-03-12T21:54:18.545710,2,ADULT,CRITICAL,front_left,2.46,0.862,1,0
2026-03-12T21:54:18.545710,3,ADULT,CAUTION,rear_right,5.42,0.666,1,0
2026-03-12T21:54:18.633960,2,ADULT,CRITICAL,front_left,2.47,0.884,1,0
2026-03-12T21:54:18.633960,3,ADULT,CAUTION,rear_right,5.43,0.728,1,0
2026-03-12T21:54:18.773958,2,ADULT,CRITICAL,front_left,2.47,0.867,1,0
2026-03-12T21:54:18.773958,3,ADULT,CAUTION,rear_right,5.43,0.754,1,0
2026-03-12T21:54:18.968749,2,ADULT,CRITICAL,front_left,2.47,0.857,1,0
2026-03-12T21:54:18.969747,3,ADULT,CAUTION,rear_right,5.43,0.745,1,0
2026-03-12T21:54:19.153896,2,ADULT,CRITICAL,front_left,2.48,0.877,1,0
2026-03-12T21:54:19.153896,3,ADULT,CAUTION,rear_right,5.43,0.741,1,0
2026-03-12T21:54:19.153896,5,ADULT,CRITICAL,front_left,3.44,0.472,1,0
2026-03-12T21:54:19.347144,2,ADULT,CRITICAL,front_left,2.48,0.9,1,0
2026-03-12T21:54:19.347144,5,ADULT,CRITICAL,front_left,3.47,0.759,1,0
2026-03-12T21:54:19.347144,3,ADULT,CAUTION,rear_right,5.43,0.728,1,0
2026-03-12T21:54:19.497364,2,ADULT,CRITICAL,front_left,2.48,0.877,1,0
2026-03-12T21:54:19.497364,5,ADULT,CRITICAL,front_left,3.37,0.841,1,0
2026-03-12T21:54:19.497364,3,ADULT,CAUTION,rear_right,5.43,0.688,1,0
2026-03-12T21:54:19.685684,2,ADULT,CRITICAL,front_left,2.47,0.892,1,0
2026-03-12T21:54:19.685684,5,ADULT,CRITICAL,front_left,3.3,0.848,1,0
2026-03-12T21:54:19.685684,3,ADULT,CAUTION,rear_right,5.43,0.686,1,0
2026-03-12T21:54:19.822083,2,ADULT,CRITICAL,front_left,2.46,0.878,1,0
2026-03-12T21:54:19.822083,5,ADULT,CRITICAL,front_left,3.23,0.809,1,0
2026-03-12T21:54:19.822611,3,ADULT,CAUTION,rear_right,5.43,0.708,1,0
2026-03-12T21:54:19.960637,2,ADULT,CRITICAL,front_left,2.45,0.894,1,0
2026-03-12T21:54:19.960637,5,ADULT,CRITICAL,front_left,3.14,0.878,1,0
2026-03-12T21:54:19.960637,3,ADULT,CAUTION,rear_right,5.43,0.704,1,0
2026-03-12T21:54:20.128063,5,ADULT,CRITICAL,front_left,3.06,0.866,1,0
2026-03-12T21:54:20.128063,2,ADULT,CRITICAL,front_left,2.43,0.857,1,0
2026-03-12T21:54:20.128063,3,ADULT,CAUTION,rear_right,5.43,0.679,1,0
2026-03-12T21:54:20.267840,5,ADULT,CRITICAL,front_left,3.0,0.858,1,0
2026-03-12T21:54:20.267840,3,ADULT,CAUTION,rear_right,5.43,0.709,1,0
2026-03-12T21:54:20.267840,2,ADULT,CRITICAL,front_left,2.41,0.57,1,0
2026-03-12T21:54:20.477594,5,ADULT,CRITICAL,front_left,2.88,0.901,1,0
2026-03-12T21:54:20.477594,3,ADULT,CAUTION,rear_right,5.43,0.72,1,0
2026-03-12T21:54:20.477594,2,ADULT,CRITICAL,front_left,2.4,0.709,1,0
2026-03-12T21:54:20.604686,5,ADULT,CRITICAL,front_left,2.74,0.889,1,0
2026-03-12T21:54:20.604686,2,ADULT,CRITICAL,front_left,2.38,0.852,1,0
2026-03-12T21:54:20.604686,3,ADULT,CAUTION,rear_right,5.43,0.731,1,0
2026-03-12T21:54:20.698416,5,ADULT,CRITICAL,front_left,2.64,0.889,1,0
2026-03-12T21:54:20.698416,2,ADULT,CRITICAL,front_left,2.37,0.75,1,0
2026-03-12T21:54:20.698416,3,ADULT,CAUTION,rear_right,5.44,0.709,1,0
2026-03-12T21:54:20.802100,2,ADULT,CRITICAL,front_left,2.37,0.757,1,0
2026-03-12T21:54:20.802100,3,ADULT,CAUTION,rear_right,5.44,0.671,1,0
2026-03-12T21:54:21.034662,2,ADULT,CRITICAL,front_left,2.37,0.845,1,0
2026-03-12T21:54:21.034662,3,ADULT,CAUTION,rear_right,5.44,0.686,1,0
2026-03-12T21:54:21.256233,2,ADULT,CRITICAL,front_left,2.37,0.865,1,0
2026-03-12T21:54:21.256233,3,ADULT,CAUTION,rear_right,5.45,0.702,1,0
2026-03-12T21:54:21.543472,2,ADULT,CRITICAL,front_left,2.38,0.845,1,0
2026-03-12T21:54:21.543472,3,ADULT,CAUTION,rear_right,5.45,0.704,1,0
2026-03-12T21:54:21.750945,5,ADULT,CRITICAL,front_left,2.23,0.909,1,0
2026-03-12T21:54:21.750945,2,ADULT,CRITICAL,front_left,2.39,0.788,1,0
2026-03-12T21:54:21.751941,3,ADULT,CAUTION,rear_right,5.45,0.686,1,0
2026-03-12T21:54:21.992499,5,ADULT,CRITICAL,front_left,2.15,0.917,1,0
2026-03-12T21:54:21.993535,2,ADULT,CRITICAL,front_left,2.39,0.756,1,0
2026-03-12T21:54:21.993535,3,ADULT,CAUTION,rear_right,5.46,0.68,1,0
2026-03-12T21:54:22.226503,2,ADULT,CRITICAL,front_left,2.39,0.829,1,0
2026-03-12T21:54:22.226503,3,ADULT,CAUTION,rear_right,5.46,0.654,1,0
2026-03-12T21:54:22.395078,2,ADULT,CRITICAL,front_left,2.39,0.799,1,0
2026-03-12T21:54:22.395078,3,ADULT,CAUTION,rear_right,5.47,0.663,1,0
2026-03-12T21:54:22.575579,3,ADULT,CAUTION,rear_right,5.48,0.699,1,0
2026-03-12T21:54:22.575579,2,ADULT,CRITICAL,front_left,2.38,0.499,1,0
2026-03-12T21:54:22.694152,3,ADULT,CAUTION,rear_right,5.48,0.734,1,0
2026-03-12T21:54:22.694152,2,ADULT,CRITICAL,front_left,2.38,0.44,1,0
2026-03-12T21:54:22.839063,3,ADULT,CAUTION,rear_right,5.49,0.675,1,0
2026-03-12T21:54:22.839063,2,ADULT,CRITICAL,front_left,2.37,0.438,1,0
2026-03-12T21:54:23.080649,2,ADULT,CRITICAL,front_left,2.37,0.853,1,0
2026-03-12T21:54:23.081646,3,ADULT,CAUTION,rear_right,5.49,0.727,1,0
2026-03-12T21:54:23.263992,3,ADULT,CAUTION,rear_right,5.49,0.679,1,0
2026-03-12T21:54:23.263992,2,ADULT,CRITICAL,front_left,2.37,0.62,1,0
2026-03-12T21:54:23.421006,2,ADULT,CRITICAL,front_left,2.36,0.771,1,0
2026-03-12T21:54:23.421006,3,ADULT,CAUTION,rear_right,5.49,0.676,1,0
2026-03-12T21:54:23.525643,2,ADULT,CRITICAL,front_left,2.36,0.86,1,0
2026-03-12T21:54:23.525643,3,ADULT,CAUTION,rear_right,5.49,0.673,1,0
2026-03-12T21:54:23.619013,2,ADULT,CRITICAL,front_left,2.36,0.863,1,0
2026-03-12T21:54:23.619013,3,ADULT,CAUTION,rear_right,5.49,0.651,1,0
2026-03-12T21:54:23.704032,3,ADULT,CAUTION,rear_right,5.49,0.704,1,0
2026-03-12T21:54:23.704032,2,ADULT,CRITICAL,front_left,2.37,0.65,1,0
2026-03-12T21:54:23.797373,3,ADULT,CAUTION,rear_right,5.49,0.69,1,0
2026-03-12T21:54:23.797373,2,ADULT,CRITICAL,front_left,2.37,0.487,1,0
2026-03-12T21:54:23.903465,3,ADULT,CAUTION,rear_right,5.49,0.683,1,0
2026-03-12T21:54:23.903465,2,ADULT,CRITICAL,front_left,2.45,0.45,1,0
2026-03-12T21:54:24.110360,3,ADULT,CAUTION,rear_right,5.49,0.686,1,0
2026-03-12T21:54:24.110360,2,ADULT,CRITICAL,front_left,2.45,0.663,1,0
2026-03-12T21:54:24.349276,2,ADULT,CRITICAL,front_left,2.45,0.768,1,0
2026-03-12T21:54:24.349276,3,ADULT,CAUTION,rear_right,5.48,0.692,1,0
2026-03-12T21:54:24.594623,2,ADULT,CRITICAL,front_left,2.45,0.663,1,0
2026-03-12T21:54:24.594623,3,ADULT,CAUTION,rear_right,5.48,0.647,1,0
2026-03-12T21:54:24.787901,2,ADULT,CRITICAL,front_left,2.44,0.805,1,0
2026-03-12T21:54:24.787901,3,ADULT,CAUTION,rear_right,5.48,0.671,1,0
2026-03-12T21:54:25.058163,2,ADULT,CRITICAL,front_left,2.44,0.779,1,0
2026-03-12T21:54:25.058163,3,ADULT,CAUTION,rear_right,5.49,0.69,1,0
2026-03-12T21:54:25.303054,2,ADULT,CRITICAL,front_left,2.44,0.769,1,0
2026-03-12T21:54:25.303054,3,ADULT,CAUTION,rear_right,5.49,0.699,1,0
2026-03-12T21:54:25.464660,2,ADULT,CRITICAL,front_left,2.43,0.883,1,0
2026-03-12T21:54:25.464660,3,ADULT,CAUTION,rear_right,5.49,0.674,1,0
2026-03-12T21:54:25.586945,2,ADULT,CRITICAL,front_left,2.34,0.835,1,0
2026-03-12T21:54:25.586945,3,ADULT,CAUTION,rear_right,5.5,0.666,1,0
2026-03-12T21:54:25.676452,2,ADULT,CRITICAL,front_left,2.37,0.772,1,0
2026-03-12T21:54:25.676452,3,ADULT,CAUTION,rear_right,5.51,0.444,1,0
2026-03-12T21:54:25.763527,2,ADULT,CRITICAL,front_left,2.37,0.694,1,0
2026-03-12T21:54:25.763527,3,ADULT,CAUTION,rear_right,5.52,0.514,1,0
2026-03-12T21:54:25.856518,3,ADULT,CAUTION,rear_right,5.53,0.67,1,0
2026-03-12T21:54:25.856518,2,ADULT,CRITICAL,front_left,2.56,0.466,1,0
2026-03-12T21:54:26.110516,3,ADULT,CAUTION,rear_right,5.54,0.573,1,0
2026-03-12T21:54:26.320646,3,ADULT,CAUTION,rear_right,5.55,0.602,1,0
2026-03-12T21:54:26.534496,3,ADULT,CAUTION,rear_right,5.57,0.599,1,0
2026-03-12T21:54:26.534496,2,ADULT,CRITICAL,front_left,2.3,0.472,1,0
2026-03-12T21:54:26.738848,2,ADULT,CRITICAL,front_left,3.01,0.617,1,0
2026-03-12T21:54:26.738848,3,ADULT,CAUTION,rear_right,5.57,0.525,1,0
2026-03-12T21:54:27.015483,3,ADULT,CAUTION,rear_right,5.58,0.462,1,0
2026-03-12T21:54:27.015483,2,ADULT,CRITICAL,front_left,2.77,0.43,1,0
2026-03-12T21:54:27.331812,2,ADULT,CRITICAL,front_left,2.65,0.871,1,0
2026-03-12T21:54:27.331812,3,ADULT,CAUTION,rear_right,5.58,0.464,1,0
2026-03-12T21:54:27.474263,2,ADULT,CRITICAL,front_left,2.58,0.907,1,0
2026-03-12T21:54:27.474263,3,ADULT,CAUTION,rear_right,5.59,0.599,1,0
2026-03-12T21:54:27.621081,2,ADULT,CRITICAL,front_left,2.53,0.9,1,0
2026-03-12T21:54:27.621081,3,ADULT,CAUTION,rear_right,5.59,0.615,1,0
2026-03-12T21:54:27.784776,2,ADULT,CRITICAL,front_left,2.49,0.896,1,0
2026-03-12T21:54:27.784776,3,ADULT,CAUTION,rear_right,5.59,0.632,1,0
2026-03-12T21:54:27.968786,2,ADULT,CRITICAL,front_left,2.47,0.858,1,0
2026-03-12T21:54:27.968786,3,ADULT,CAUTION,rear_right,5.6,0.631,1,0
2026-03-12T21:54:28.151723,2,ADULT,CRITICAL,front_left,2.47,0.91,1,0
2026-03-12T21:54:28.151723,3,ADULT,CAUTION,rear_right,5.6,0.571,1,0
2026-03-12T21:54:28.305926,2,ADULT,CRITICAL,front_left,2.29,0.912,1,0
2026-03-12T21:54:28.305926,3,ADULT,CAUTION,rear_right,5.63,0.659,1,0
2026-03-12T21:54:28.442207,2,ADULT,CRITICAL,front_left,2.29,0.913,1,0
2026-03-12T21:54:28.442207,3,ADULT,CAUTION,rear_right,5.65,0.548,1,0
2026-03-12T21:54:28.565559,2,ADULT,CRITICAL,front_left,2.29,0.891,1,0
2026-03-12T21:54:28.565559,3,ADULT,CAUTION,rear_right,5.68,0.441,1,0
2026-03-12T21:54:28.666813,2,ADULT,CRITICAL,front_left,2.28,0.898,1,0
2026-03-12T21:54:28.667885,3,ADULT,CAUTION,rear_right,5.7,0.438,1,0
2026-03-12T21:54:28.752897,2,ADULT,CRITICAL,front_left,2.28,0.894,1,0
2026-03-12T21:54:28.752897,3,ADULT,CAUTION,rear_right,5.73,0.482,1,0
2026-03-12T21:54:28.859899,2,ADULT,CRITICAL,front_left,2.28,0.903,1,0
2026-03-12T21:54:28.859899,3,ADULT,CAUTION,rear_right,5.75,0.551,1,0
2026-03-12T21:54:29.083849,2,ADULT,CRITICAL,front_left,2.27,0.903,1,0
2026-03-12T21:54:29.083849,3,ADULT,CAUTION,rear_right,5.76,0.602,1,0
2026-03-12T21:54:29.295711,2,ADULT,CRITICAL,front_left,2.27,0.902,1,0
2026-03-12T21:54:29.295711,3,ADULT,CAUTION,rear_right,5.77,0.5,1,0
2026-03-12T21:54:29.508831,2,ADULT,CRITICAL,front_left,2.27,0.891,1,0
2026-03-12T21:54:29.508831,3,ADULT,CAUTION,rear_right,5.76,0.566,1,0
2026-03-12T21:54:29.763026,2,ADULT,CRITICAL,front_left,2.27,0.761,1,0
2026-03-12T21:54:29.763026,3,ADULT,CAUTION,rear_right,5.75,0.501,1,0
2026-03-12T21:54:29.963785,2,ADULT,CRITICAL,front_left,2.29,0.861,1,0
2026-03-12T21:54:29.963785,3,ADULT,CAUTION,rear_right,5.74,0.533,1,0
2026-03-12T21:54:30.155890,2,ADULT,CRITICAL,front_left,2.31,0.908,1,0
2026-03-12T21:54:30.155890,3,ADULT,CAUTION,rear_right,5.72,0.577,1,0
2026-03-12T21:54:30.311370,2,ADULT,CRITICAL,front_left,2.32,0.893,1,0
2026-03-12T21:54:30.311370,3,ADULT,CAUTION,rear_right,5.71,0.587,1,0
2026-03-12T21:54:30.439600,2,ADULT,CRITICAL,front_left,2.34,0.904,1,0
2026-03-12T21:54:30.439600,3,ADULT,CAUTION,rear_right,5.7,0.534,1,0
2026-03-12T21:54:30.578869,2,ADULT,CRITICAL,front_left,2.35,0.919,1,0
2026-03-12T21:54:30.578869,3,ADULT,CAUTION,rear_right,5.69,0.558,1,0
2026-03-12T21:54:30.684838,2,ADULT,CRITICAL,front_left,2.36,0.912,1,0
2026-03-12T21:54:30.684838,3,ADULT,CAUTION,rear_right,5.68,0.529,1,0
2026-03-12T21:54:30.823992,2,ADULT,CRITICAL,front_left,2.37,0.897,1,0
2026-03-12T21:54:30.823992,3,ADULT,CAUTION,rear_right,5.69,0.558,1,0
2026-03-12T21:54:31.042141,2,ADULT,CRITICAL,front_left,2.36,0.83,1,0
2026-03-12T21:54:31.042141,3,ADULT,CAUTION,rear_right,5.69,0.59,1,0
2026-03-12T21:54:31.288552,2,ADULT,CRITICAL,front_left,2.35,0.739,1,0
2026-03-12T21:54:31.288552,3,ADULT,CAUTION,rear_right,5.69,0.628,1,0
2026-03-12T21:54:31.539452,3,ADULT,CAUTION,rear_right,5.69,0.576,1,0
2026-03-12T21:54:31.539452,2,ADULT,CRITICAL,front_left,2.59,0.383,1,0
2026-03-12T21:54:31.687009,2,ADULT,CRITICAL,front_left,2.73,0.778,1,0
2026-03-12T21:54:31.687009,3,ADULT,CAUTION,rear_right,5.69,0.454,1,0
2026-03-12T21:54:31.815520,3,ADULT,CAUTION,rear_right,5.69,0.626,1,0
2026-03-12T21:54:31.815520,2,ADULT,CRITICAL,front_left,2.95,0.564,1,0
2026-03-12T21:54:31.944129,2,ADULT,CRITICAL,front_left,2.92,0.508,1,0
2026-03-12T21:54:31.944129,3,ADULT,CAUTION,rear_right,5.68,0.42,1,0
2026-03-12T21:54:32.162428,3,ADULT,CAUTION,rear_right,5.67,0.58,1,0
2026-03-12T21:54:32.162428,2,ADULT,CRITICAL,front_left,3.13,0.444,1,0
2026-03-12T21:54:32.409919,3,ADULT,CAUTION,rear_right,5.67,0.603,1,0
2026-03-12T21:54:32.409919,2,ADULT,CRITICAL,front_left,3.09,0.578,1,0
2026-03-12T21:54:32.686991,2,ADULT,CRITICAL,front_left,3.18,0.726,1,0
2026-03-12T21:54:32.686991,3,ADULT,CAUTION,rear_right,5.66,0.622,1,0
2026-03-12T21:54:32.894652,2,ADULT,CRITICAL,front_left,3.23,0.717,1,0
2026-03-12T21:54:32.894652,3,ADULT,CAUTION,rear_right,5.65,0.587,1,0
2026-03-12T21:54:33.183733,3,ADULT,CAUTION,rear_right,5.65,0.565,1,0
2026-03-12T21:54:33.183733,2,ADULT,CRITICAL,front_left,2.95,0.461,1,0
2026-03-12T21:54:33.398753,2,ADULT,CRITICAL,front_left,2.81,0.682,1,0
2026-03-12T21:54:33.398753,3,ADULT,CAUTION,rear_right,5.64,0.568,1,0
2026-03-12T21:54:33.661080,2,ADULT,CRITICAL,front_left,2.59,0.707,1,0
2026-03-12T21:54:33.661080,3,ADULT,CAUTION,rear_right,5.64,0.419,1,0
2026-03-12T21:54:33.960843,3,ADULT,CAUTION,rear_right,5.65,0.493,1,0
2026-03-12T21:54:34.265631,2,ADULT,CRITICAL,front_left,2.33,0.623,1,0
2026-03-12T21:54:34.265631,3,ADULT,CAUTION,rear_right,5.65,0.486,1,0
2026-03-12T21:54:34.547069,2,ADULT,CRITICAL,front_left,2.21,0.643,1,0
2026-03-12T21:54:34.977885,2,ADULT,CRITICAL,front_left,2.3,0.883,1,0
2026-03-12T21:54:35.176073,2,ADULT,CRITICAL,front_left,2.28,0.753,1,0
2026-03-12T21:54:35.176073,3,ADULT,CAUTION,rear_right,5.66,0.502,1,0
2026-03-12T21:54:35.367234,2,ADULT,CRITICAL,front_left,2.3,0.785,1,0
2026-03-12T21:54:35.367234,3,ADULT,CAUTION,rear_right,5.63,0.671,1,0
2026-03-12T21:54:35.550435,2,ADULT,CRITICAL,front_left,2.29,0.733,1,0
2026-03-12T21:54:35.550435,3,ADULT,CAUTION,rear_right,5.62,0.705,1,0
2026-03-12T21:54:35.704469,2,ADULT,CRITICAL,front_left,2.3,0.76,1,0
2026-03-12T21:54:35.704469,3,ADULT,CAUTION,rear_right,5.62,0.665,1,0
2026-03-12T21:54:35.852820,2,ADULT,CRITICAL,front_left,2.31,0.83,1,0
2026-03-12T21:54:35.852820,3,ADULT,CAUTION,rear_right,5.63,0.597,1,0
2026-03-12T21:54:36.008466,2,ADULT,CRITICAL,front_left,2.3,0.589,1,0
2026-03-12T21:54:36.008466,3,ADULT,CAUTION,rear_right,5.64,0.485,1,0
2026-03-12T21:54:36.274123,2,ADULT,CRITICAL,front_left,2.32,0.835,1,0
2026-03-12T21:54:36.274123,3,ADULT,CAUTION,rear_right,5.64,0.506,1,0
2026-03-12T21:54:36.440241,2,ADULT,CRITICAL,front_left,2.34,0.868,1,0
2026-03-12T21:54:36.440241,3,ADULT,CAUTION,rear_right,5.65,0.486,1,0
2026-03-12T21:54:36.590614,2,ADULT,CRITICAL,front_left,2.38,0.903,1,0
2026-03-12T21:54:36.590614,3,ADULT,CAUTION,rear_right,5.65,0.459,1,0
2026-03-12T21:54:36.793542,2,ADULT,CRITICAL,front_left,2.4,0.875,1,0
2026-03-12T21:54:36.793542,3,ADULT,CAUTION,rear_right,5.66,0.404,1,0
2026-03-12T21:54:36.939394,2,ADULT,CRITICAL,front_left,2.41,0.778,1,0
2026-03-12T21:54:36.939394,3,ADULT,CAUTION,rear_right,5.67,0.518,1,0
2026-03-12T21:54:37.080658,2,ADULT,CRITICAL,front_left,2.41,0.841,1,0
2026-03-12T21:54:37.080658,3,ADULT,CAUTION,rear_right,5.67,0.468,1,0
2026-03-12T21:54:37.205859,2,ADULT,CRITICAL,front_left,2.42,0.854,1,0
2026-03-12T21:54:37.205859,3,ADULT,CAUTION,rear_right,5.68,0.413,1,0
2026-03-12T21:54:37.385813,2,ADULT,CRITICAL,front_left,2.44,0.884,1,0
2026-03-12T21:54:37.385813,3,ADULT,CAUTION,rear_right,5.68,0.523,1,0
2026-03-12T21:54:37.531739,2,ADULT,CRITICAL,front_left,2.44,0.903,1,0
2026-03-12T21:54:37.531739,5,ADULT,CRITICAL,front_left,1.95,0.9,1,0
2026-03-12T21:54:37.531739,3,ADULT,CAUTION,rear_right,5.68,0.499,1,0
2026-03-12T21:54:37.821092,5,ADULT,CRITICAL,front_left,2.01,0.907,1,0
2026-03-12T21:54:37.821092,2,ADULT,CRITICAL,front_left,2.43,0.901,1,0
2026-03-12T21:54:37.821092,3,ADULT,CAUTION,rear_right,5.68,0.529,1,0
2026-03-12T21:54:37.974139,5,ADULT,CRITICAL,front_left,2.06,0.905,1,0
2026-03-12T21:54:37.974139,2,ADULT,CRITICAL,front_left,2.43,0.783,1,0
2026-03-12T21:54:37.974139,3,ADULT,CAUTION,rear_right,5.69,0.517,1,0
2026-03-12T21:54:38.140208,5,ADULT,CRITICAL,front_left,2.09,0.903,1,0
2026-03-12T21:54:38.140208,2,ADULT,CRITICAL,front_left,2.49,0.867,1,0
2026-03-12T21:54:38.140208,3,ADULT,CAUTION,rear_right,5.69,0.535,1,0
2026-03-12T21:54:38.391982,5,ADULT,CRITICAL,front_left,2.11,0.911,1,0
2026-03-12T21:54:38.391982,2,ADULT,CRITICAL,front_left,2.5,0.892,1,0
2026-03-12T21:54:38.391982,3,ADULT,CAUTION,rear_right,5.69,0.487,1,0
2026-03-12T21:54:38.561478,5,ADULT,CRITICAL,front_left,2.13,0.906,1,0
2026-03-12T21:54:38.561478,2,ADULT,CRITICAL,front_left,2.49,0.894,1,0
2026-03-12T21:54:38.561478,3,ADULT,CAUTION,rear_right,5.69,0.46,1,0
2026-03-12T21:54:38.749200,5,ADULT,CRITICAL,front_left,2.14,0.9,1,0
2026-03-12T21:54:38.749200,2,ADULT,CRITICAL,front_left,2.49,0.89,1,0
2026-03-12T21:54:38.749200,3,ADULT,CAUTION,rear_right,5.69,0.468,1,0
2026-03-12T21:54:38.912596,2,ADULT,CRITICAL,front_left,2.48,0.913,1,0
2026-03-12T21:54:38.912596,5,ADULT,CRITICAL,front_left,2.15,0.881,1,0
2026-03-12T21:54:38.912596,3,ADULT,CAUTION,rear_right,5.68,0.517,1,0
2026-03-12T21:54:39.096880,5,ADULT,CRITICAL,front_left,2.15,0.897,1,0
2026-03-12T21:54:39.096880,2,ADULT,CRITICAL,front_left,2.45,0.88,1,0
2026-03-12T21:54:39.096880,3,ADULT,CAUTION,rear_right,5.68,0.451,1,0
2026-03-12T21:54:39.269723,2,ADULT,CRITICAL,front_left,2.43,0.918,1,0
2026-03-12T21:54:39.269723,3,ADULT,CAUTION,rear_right,5.68,0.447,1,0
2026-03-12T21:54:39.394706,2,ADULT,CRITICAL,front_left,2.41,0.91,1,0
2026-03-12T21:54:39.394706,3,ADULT,CAUTION,rear_right,5.67,0.553,1,0
2026-03-12T21:54:39.475589,2,ADULT,CRITICAL,front_left,2.33,0.921,1,0
2026-03-12T21:54:39.476597,3,ADULT,CAUTION,rear_right,5.67,0.48,1,0
2026-03-12T21:54:39.564252,2,ADULT,CRITICAL,front_left,2.32,0.899,1,0
2026-03-12T21:54:39.564252,3,ADULT,CAUTION,rear_right,5.67,0.397,1,0
2026-03-12T21:54:39.646151,2,ADULT,CRITICAL,front_left,2.32,0.921,1,0
2026-03-12T21:54:39.646151,3,ADULT,CAUTION,rear_right,5.66,0.394,1,0
2026-03-12T21:54:39.729871,2,ADULT,CRITICAL,front_left,2.33,0.918,1,0
2026-03-12T21:54:39.729871,3,ADULT,CAUTION,rear_right,5.66,0.435,1,0
2026-03-12T21:54:39.876923,2,ADULT,CRITICAL,front_left,2.33,0.858,1,0
2026-03-12T21:54:39.876923,3,ADULT,CAUTION,rear_right,5.66,0.444,1,0
2026-03-12T21:54:40.098974,2,ADULT,CRITICAL,front_left,2.35,0.869,1,0
2026-03-12T21:54:40.098974,5,ADULT,CRITICAL,front_left,1.88,0.828,1,0
2026-03-12T21:54:40.098974,3,ADULT,CAUTION,rear_right,5.67,0.543,1,0
2026-03-12T21:54:40.340757,2,ADULT,CRITICAL,front_left,2.37,0.883,1,0
2026-03-12T21:54:40.340757,5,ADULT,CRITICAL,front_left,1.86,0.802,1,0
2026-03-12T21:54:40.340757,3,ADULT,CAUTION,rear_right,5.67,0.49,1,0
2026-03-12T21:54:40.541940,2,ADULT,CRITICAL,front_left,2.38,0.823,1,0
2026-03-12T21:54:40.541940,3,ADULT,CAUTION,rear_right,5.67,0.463,1,0
2026-03-12T21:54:40.677779,2,ADULT,CRITICAL,front_left,2.36,0.875,1,0
2026-03-12T21:54:40.677779,3,ADULT,CAUTION,rear_right,5.68,0.526,1,0
2026-03-12T21:54:40.823491,2,ADULT,CRITICAL,front_left,2.32,0.735,1,0
2026-03-12T21:54:40.823491,3,ADULT,CAUTION,rear_right,5.68,0.561,1,0
2026-03-12T21:54:40.950648,2,ADULT,CRITICAL,front_left,2.27,0.793,1,0
2026-03-12T21:54:40.950648,3,ADULT,CAUTION,rear_right,5.68,0.613,1,0
2026-03-12T21:54:41.066956,3,ADULT,CAUTION,rear_right,5.68,0.504,1,0
2026-03-12T21:54:41.288014,3,ADULT,CAUTION,rear_right,5.67,0.483,1,0
2026-03-12T21:54:41.442505,3,ADULT,CAUTION,rear_right,5.67,0.546,1,0
2026-03-12T21:54:41.442505,2,ADULT,CRITICAL,front_left,3.86,0.386,1,0
2026-03-12T21:54:41.592734,3,ADULT,CAUTION,rear_right,5.66,0.544,1,0
2026-03-12T21:54:41.674114,2,ADULT,CRITICAL,front_left,4.08,0.566,1,0
2026-03-12T21:54:41.674114,3,ADULT,CAUTION,rear_right,5.66,0.551,1,0
2026-03-12T21:54:41.775472,2,CHILD,CRITICAL,front_left,3.39,0.568,1,0
2026-03-12T21:54:41.775472,3,ADULT,CAUTION,rear_right,5.65,0.467,1,0
2026-03-12T21:54:41.894115,2,CHILD,CRITICAL,front_left,3.17,0.434,1,0
2026-03-12T21:54:41.894115,3,ADULT,CAUTION,rear_right,5.66,0.388,1,0
2026-03-12T21:54:42.063836,3,ADULT,CAUTION,rear_right,5.66,0.411,1,0
2026-03-12T21:54:42.242266,2,ADULT,CRITICAL,front_left,4.12,0.49,1,0
2026-03-12T21:54:42.242266,3,ADULT,CAUTION,rear_right,5.66,0.446,1,0
2026-03-12T21:54:42.534812,3,ADULT,CAUTION,rear_right,5.65,0.556,1,0
2026-03-12T21:54:42.731735,3,ADULT,CAUTION,rear_right,5.66,0.573,1,0
2026-03-12T21:54:42.988690,2,ADULT,CRITICAL,front_left,2.56,0.649,1,0
2026-03-12T21:54:42.988690,3,ADULT,CAUTION,rear_right,5.68,0.636,1,0
2026-03-12T21:54:43.165919,5,ADULT,CRITICAL,front_left,1.73,0.776,1,0
2026-03-12T21:54:43.165919,2,ADULT,CRITICAL,front_left,2.81,0.724,1,0
2026-03-12T21:54:43.165919,3,ADULT,CAUTION,rear_right,5.68,0.683,1,0
2026-03-12T21:54:43.421014,2,ADULT,CRITICAL,front_left,2.63,0.719,1,0
2026-03-12T21:54:43.421014,5,ADULT,CRITICAL,front_left,1.72,0.709,1,0
2026-03-12T21:54:43.421014,3,ADULT,CAUTION,rear_right,5.69,0.638,1,0
2026-03-12T21:54:43.637249,5,ADULT,CRITICAL,front_left,1.71,0.864,1,0
2026-03-12T21:54:43.637249,3,ADULT,CAUTION,rear_right,5.69,0.605,1,0
2026-03-12T21:54:43.637249,2,ADULT,CRITICAL,front_left,2.53,0.506,1,0
2026-03-12T21:54:43.804563,5,ADULT,CRITICAL,front_left,1.71,0.861,1,0
2026-03-12T21:54:43.804563,2,ADULT,CRITICAL,front_left,2.47,0.739,1,0
2026-03-12T21:54:43.976827,2,ADULT,CRITICAL,front_left,2.43,0.902,1,0
2026-03-12T21:54:43.976827,5,ADULT,CRITICAL,front_left,1.7,0.844,1,0
2026-03-12T21:54:43.976827,3,ADULT,CAUTION,rear_right,5.72,0.602,1,0
2026-03-12T21:54:44.130345,2,ADULT,CRITICAL,front_left,2.4,0.839,1,0
2026-03-12T21:54:44.130345,5,ADULT,CRITICAL,front_left,1.69,0.836,1,0
2026-03-12T21:54:44.130345,3,ADULT,CAUTION,rear_right,5.73,0.579,1,0
2026-03-12T21:54:44.210567,2,ADULT,CRITICAL,front_left,2.39,0.807,1,0
2026-03-12T21:54:44.210567,3,ADULT,CAUTION,rear_right,5.72,0.596,1,0
2026-03-12T21:54:44.210567,5,ADULT,CRITICAL,front_left,1.69,0.532,1,0
2026-03-12T21:54:44.300145,2,ADULT,CRITICAL,front_left,2.35,0.887,1,0
2026-03-12T21:54:44.300145,5,ADULT,CRITICAL,front_left,1.69,0.746,1,0
2026-03-12T21:54:44.300145,3,ADULT,CAUTION,rear_right,5.71,0.631,1,0
2026-03-12T21:54:44.446681,3,ADULT,CAUTION,rear_right,5.71,0.607,1,0
2026-03-12T21:54:44.446681,5,ADULT,CRITICAL,front_left,1.69,0.535,1,0
2026-03-12T21:54:44.576328,5,ADULT,CRITICAL,front_left,1.69,0.724,1,0
2026-03-12T21:54:44.576328,3,ADULT,CAUTION,rear_right,5.71,0.559,1,0
2026-03-12T21:54:44.576328,2,ADULT,CRITICAL,front_left,3.56,0.41,1,0
2026-03-12T21:54:44.665502,3,ADULT,CAUTION,rear_right,5.7,0.654,1,0
2026-03-12T21:54:44.665502,5,ADULT,CRITICAL,front_left,1.68,0.586,1,0
2026-03-12T21:54:44.665502,2,ADULT,CRITICAL,front_left,3.51,0.492,1,0
2026-03-12T21:54:44.752567,5,ADULT,CRITICAL,front_left,1.68,0.774,1,0
2026-03-12T21:54:44.752567,3,ADULT,CAUTION,rear_right,5.7,0.616,1,0
2026-03-12T21:54:44.752567,2,ADULT,CRITICAL,front_left,3.52,0.554,1,0
2026-03-12T21:54:44.854207,5,ADULT,CRITICAL,front_left,1.68,0.736,1,0
2026-03-12T21:54:44.854207,2,ADULT,CRITICAL,front_left,3.21,0.726,1,0
2026-03-12T21:54:44.854207,3,ADULT,CAUTION,rear_right,5.69,0.64,1,0
2026-03-12T21:54:44.943929,5,ADULT,CRITICAL,front_left,1.68,0.621,1,0
2026-03-12T21:54:44.943929,3,ADULT,CAUTION,rear_right,5.69,0.583,1,0
2026-03-12T21:54:45.026547,3,ADULT,CAUTION,rear_right,5.68,0.599,1,0
2026-03-12T21:54:45.109548,3,ADULT,CAUTION,rear_right,5.68,0.617,1,0
2026-03-12T21:54:45.184048,3,ADULT,CAUTION,rear_right,5.68,0.636,1,0
2026-03-12T21:54:45.267739,3,ADULT,CAUTION,rear_right,5.68,0.63,1,0
2026-03-12T21:54:45.267739,2,ADULT,CRITICAL,front_left,2.12,0.422,1,0
2026-03-12T21:54:45.375717,3,ADULT,CAUTION,rear_right,5.68,0.656,1,0
2026-03-12T21:54:45.375717,2,ADULT,CRITICAL,front_left,2.54,0.464,1,0
2026-03-12T21:54:45.471983,3,ADULT,CAUTION,rear_right,5.69,0.617,1,0
2026-03-12T21:54:45.568029,3,ADULT,CAUTION,rear_right,5.68,0.673,1,0
2026-03-12T21:54:45.568029,2,ADULT,CRITICAL,front_left,3.17,0.656,1,0
2026-03-12T21:54:45.568029,6,ADULT,CRITICAL,front_left,2.13,0.596,1,0
2026-03-12T21:54:45.666143,2,ADULT,CRITICAL,front_left,3.32,0.73,1,0
2026-03-12T21:54:45.666143,3,ADULT,CAUTION,rear_right,5.68,0.638,1,0
2026-03-12T21:54:45.666143,6,ADULT,CRITICAL,front_left,2.13,0.394,1,0
2026-03-12T21:54:45.770642,6,ADULT,CRITICAL,front_left,2.14,0.851,1,0
2026-03-12T21:54:45.770642,3,ADULT,CAUTION,rear_right,5.68,0.64,1,0
2026-03-12T21:54:45.770642,2,ADULT,CRITICAL,front_left,3.42,0.589,1,0
2026-03-12T21:54:45.971633,3,ADULT,CAUTION,rear_right,5.67,0.66,1,0
2026-03-12T21:54:45.971633,6,ADULT,CRITICAL,front_left,2.2,0.642,1,0
2026-03-12T21:54:45.971633,2,ADULT,CRITICAL,front_left,3.47,0.477,1,0
2026-03-12T21:54:46.144223,3,ADULT,CAUTION,rear_right,5.67,0.613,1,0
2026-03-12T21:54:46.342078,3,ADULT,CAUTION,rear_right,5.67,0.639,1,0
2026-03-12T21:54:46.342078,2,ADULT,CRITICAL,front_left,4.43,0.477,1,0
2026-03-12T21:54:46.531457,3,ADULT,CAUTION,rear_right,5.67,0.719,1,0
2026-03-12T21:54:46.678468,3,ADULT,CAUTION,rear_right,5.67,0.555,1,0
2026-03-12T21:54:46.937684,3,ADULT,CAUTION,rear_right,5.68,0.493,1,0
2026-03-12T21:54:47.147964,3,ADULT,CAUTION,rear_right,5.68,0.672,1,0
2026-03-12T21:54:47.369872,3,ADULT,CAUTION,rear_right,5.68,0.718,1,0
2026-03-12T21:54:47.596217,5,ADULT,CRITICAL,front_left,1.69,0.8,1,0
2026-03-12T21:54:47.596217,3,ADULT,CAUTION,rear_right,5.68,0.63,1,0
2026-03-12T21:54:47.803966,5,ADULT,CRITICAL,front_left,1.69,0.892,1,0
2026-03-12T21:54:47.803966,3,ADULT,CAUTION,rear_right,5.68,0.607,1,0
2026-03-12T21:54:48.071657,5,ADULT,CRITICAL,front_left,1.69,0.893,1,0
2026-03-12T21:54:48.071657,3,ADULT,CAUTION,rear_right,5.67,0.433,1,0
2026-03-12T21:54:48.282371,5,ADULT,CRITICAL,front_left,1.68,0.932,1,0
2026-03-12T21:54:48.282371,3,ADULT,CAUTION,rear_right,5.68,0.565,1,0
2026-03-12T21:54:48.485726,5,ADULT,CRITICAL,front_left,1.68,0.914,1,0
2026-03-12T21:54:48.485726,3,ADULT,CAUTION,rear_right,5.67,0.639,1,0
2026-03-12T21:54:48.654030,5,ADULT,CRITICAL,front_left,1.68,0.478,1,0
2026-03-12T21:54:48.817273,5,ADULT,CRITICAL,front_left,1.68,0.913,1,0
2026-03-12T21:54:48.817273,3,ADULT,CAUTION,rear_right,5.68,0.496,1,0
2026-03-12T21:54:48.974695,5,ADULT,CRITICAL,front_left,1.68,0.954,1,0
2026-03-12T21:54:48.974695,3,ADULT,CAUTION,rear_right,5.72,0.521,1,0
2026-03-12T21:54:49.220797,5,ADULT,CRITICAL,front_left,1.68,0.936,1,0
2026-03-12T21:54:49.220797,3,ADULT,CAUTION,rear_right,5.74,0.622,1,0
2026-03-12T21:54:49.409843,5,ADULT,CRITICAL,front_left,1.68,0.917,1,0
2026-03-12T21:54:49.409843,3,ADULT,CAUTION,rear_right,5.75,0.412,1,0
2026-03-12T21:54:49.548547,5,ADULT,CRITICAL,front_left,1.69,0.933,1,0
2026-03-12T21:54:49.548547,3,ADULT,CAUTION,rear_right,5.74,0.513,1,0
2026-03-12T22:02:07.545967,2,CHILD,CRITICAL,front_left,4.05,0.469,0,0
2026-03-12T22:02:07.927380,2,CHILD,CRITICAL,front_left,3.86,0.389,1,0
2026-03-12T22:02:08.097674,2,CHILD,CRITICAL,front_left,3.89,0.416,1,0
2026-03-12T22:02:08.506355,2,CHILD,CRITICAL,front_left,3.86,0.391,1,0
2026-03-12T22:02:08.708486,2,CHILD,CRITICAL,front_left,3.88,0.4,1,0
2026-03-12T22:02:08.830706,2,CHILD,CRITICAL,front_left,3.9,0.416,1,0
2026-03-12T22:02:08.920160,2,CHILD,CRITICAL,front_left,3.9,0.429,1,0
2026-03-12T22:02:08.999613,2,CHILD,CRITICAL,front_left,3.91,0.437,1,0
2026-03-12T22:02:09.078383,2,CHILD,CRITICAL,front_left,3.92,0.444,1,0
2026-03-12T22:02:09.294626,2,CHILD,CRITICAL,front_left,3.9,0.395,1,0
2026-03-12T22:02:09.433218,2,CHILD,CRITICAL,front_left,3.91,0.392,1,0
2026-03-12T22:02:09.528147,2,CHILD,CRITICAL,front_left,3.91,0.405,1,0
2026-03-12T22:02:09.749596,2,CHILD,CRITICAL,front_left,3.91,0.444,1,0
2026-03-12T22:02:09.996447,2,CHILD,CRITICAL,front_left,3.91,0.415,1,0
2026-03-12T22:02:10.141200,2,CHILD,CRITICAL,front_left,3.91,0.416,1,0
2026-03-12T22:02:10.358543,2,CHILD,CRITICAL,front_left,3.92,0.484,1,0
2026-03-12T22:02:10.450441,2,CHILD,CRITICAL,front_left,3.91,0.406,1,0
2026-03-12T22:02:10.848451,2,CHILD,CRITICAL,front_left,3.89,0.39,1,0
2026-03-12T22:02:11.124442,2,CHILD,CRITICAL,front_left,3.89,0.434,1,0
2026-03-12T22:02:11.449360,2,CHILD,CRITICAL,front_left,3.89,0.411,1,0
2026-03-12T22:02:11.672478,2,CHILD,CRITICAL,front_left,3.89,0.385,1,0
2026-03-12T22:02:11.836422,2,CHILD,CRITICAL,front_left,3.88,0.393,1,0
2026-03-12T22:02:11.961448,2,CHILD,CRITICAL,front_left,3.87,0.391,1,0
2026-03-12T22:02:12.112589,2,CHILD,CRITICAL,front_left,3.87,0.416,1,0
2026-03-12T22:02:12.379461,2,CHILD,CRITICAL,front_left,3.87,0.397,1,0
2026-03-12T22:05:14.757441,2,ADULT,CRITICAL,front_left,2.04,0.601,0,0
2026-03-12T22:05:14.858513,2,ADULT,CRITICAL,front_left,2.04,0.813,1,0
2026-03-12T22:05:14.959179,2,ADULT,CRITICAL,front_left,2.04,0.663,1,0
2026-03-12T22:05:15.041327,2,ADULT,CRITICAL,front_left,2.08,0.861,1,0
2026-03-12T22:05:15.132567,2,ADULT,CRITICAL,front_left,2.08,0.84,1,0
2026-03-12T22:05:15.288539,2,ADULT,CRITICAL,front_left,2.24,0.89,1,0
2026-03-12T22:05:15.414720,2,ADULT,CRITICAL,front_left,2.25,0.907,1,0
2026-03-12T22:05:15.544083,2,ADULT,CRITICAL,front_left,2.26,0.791,1,0
2026-03-12T22:05:15.632250,2,ADULT,CRITICAL,front_left,2.27,0.879,1,0
2026-03-12T22:05:15.723388,2,ADULT,CRITICAL,front_left,2.28,0.934,1,0
2026-03-12T22:05:15.808725,2,ADULT,CRITICAL,front_left,2.28,0.951,1,0
2026-03-12T22:05:15.994295,2,ADULT,CRITICAL,front_left,2.28,0.948,1,0
2026-03-12T22:05:16.156714,2,ADULT,CRITICAL,front_left,2.28,0.952,1,0
2026-03-12T22:05:16.284546,2,ADULT,CRITICAL,front_left,2.29,0.958,1,0
2026-03-12T22:05:16.411342,2,ADULT,CRITICAL,front_left,2.29,0.94,1,0
2026-03-12T22:05:16.601494,2,ADULT,CRITICAL,front_left,2.29,0.951,1,0
2026-03-12T22:05:16.792913,2,ADULT,CRITICAL,front_left,2.29,0.945,1,0
2026-03-12T22:05:16.963848,2,ADULT,CRITICAL,front_left,2.29,0.949,1,0
2026-03-12T22:05:17.105723,2,ADULT,CRITICAL,front_left,2.29,0.947,1,0
2026-03-12T22:05:17.318475,2,ADULT,CRITICAL,front_left,2.29,0.95,1,0
2026-03-12T22:05:17.555042,2,ADULT,CRITICAL,front_left,2.29,0.952,1,0
2026-03-12T22:05:17.740180,2,ADULT,CRITICAL,front_left,2.29,0.951,1,0
2026-03-12T22:05:17.925668,2,ADULT,CRITICAL,front_left,2.29,0.949,1,0
2026-03-12T22:05:18.111584,2,ADULT,CRITICAL,front_left,2.29,0.95,1,0
2026-03-12T22:05:18.276832,2,ADULT,CRITICAL,front_left,2.29,0.95,1,0
2026-03-12T22:05:18.368392,2,ADULT,CRITICAL,front_left,2.3,0.947,1,0
2026-03-12T22:05:18.470515,2,ADULT,CRITICAL,front_left,2.3,0.946,1,0
2026-03-12T22:05:18.559281,2,ADULT,CRITICAL,front_left,2.3,0.949,1,0
2026-03-12T22:05:18.634629,2,ADULT,CRITICAL,front_left,2.3,0.95,1,0
2026-03-12T22:05:18.720855,2,ADULT,CRITICAL,front_left,2.3,0.95,1,0
2026-03-12T22:05:18.809398,2,ADULT,CRITICAL,front_left,2.3,0.949,1,0
2026-03-12T22:05:18.882767,2,ADULT,CRITICAL,front_left,2.3,0.951,1,0
2026-03-12T22:05:19.030412,2,ADULT,CRITICAL,front_left,2.3,0.951,1,0
2026-03-12T22:05:19.248737,2,ADULT,CRITICAL,front_left,2.29,0.951,1,0
2026-03-12T22:05:19.430533,2,ADULT,CRITICAL,front_left,2.29,0.948,1,0
2026-03-12T22:05:19.595093,2,ADULT,CRITICAL,front_left,2.29,0.948,1,0
2026-03-12T22:05:19.728402,2,ADULT,CRITICAL,front_left,2.29,0.948,1,0
2026-03-12T22:05:19.862468,2,ADULT,CRITICAL,front_left,2.29,0.948,1,0
2026-03-12T22:05:20.008813,2,ADULT,CRITICAL,front_left,2.29,0.947,1,0
2026-03-12T22:05:20.164173,2,ADULT,CRITICAL,front_left,2.29,0.947,1,0
2026-03-12T22:05:20.378566,2,ADULT,CRITICAL,front_left,2.29,0.948,1,0
2026-03-12T22:05:20.540108,2,ADULT,CRITICAL,front_left,2.3,0.945,1,0
2026-03-12T22:05:20.668255,2,ADULT,CRITICAL,front_left,2.3,0.949,1,0
2026-03-12T22:05:20.830451,2,ADULT,CRITICAL,front_left,2.3,0.946,1,0
2026-03-12T22:05:21.020582,2,ADULT,CRITICAL,front_left,2.3,0.948,1,0
2026-03-12T22:05:21.264552,2,ADULT,CRITICAL,front_left,2.3,0.946,1,0
2026-03-12T22:05:21.535100,2,ADULT,CRITICAL,front_left,2.3,0.941,1,0
2026-03-12T22:05:21.815621,2,ADULT,CRITICAL,front_left,2.29,0.944,1,0
2026-03-12T22:05:22.055658,2,ADULT,CRITICAL,front_left,2.29,0.946,1,0
2026-03-12T22:05:22.324061,2,ADULT,CRITICAL,front_left,2.29,0.948,1,0
2026-03-12T22:05:22.521322,2,ADULT,CRITICAL,front_left,2.29,0.947,1,0
2026-03-12T22:05:22.758372,2,ADULT,CRITICAL,front_left,2.29,0.949,1,0
2026-03-12T22:05:22.925425,2,ADULT,CRITICAL,front_left,2.29,0.949,1,0
2026-03-12T22:05:23.144255,2,ADULT,CRITICAL,front_left,2.29,0.945,1,0
2026-03-12T22:05:23.331622,2,ADULT,CRITICAL,front_left,2.29,0.943,1,0
2026-03-12T22:05:23.466231,2,ADULT,CRITICAL,front_left,2.29,0.944,1,0
2026-03-12T22:05:23.620402,2,ADULT,CRITICAL,front_left,2.29,0.921,1,0
2026-03-12T22:05:23.834724,2,ADULT,CRITICAL,front_left,2.28,0.915,1,0
2026-03-12T22:05:24.033351,2,ADULT,CRITICAL,front_left,2.27,0.923,1,0
2026-03-12T22:05:24.178798,2,ADULT,CRITICAL,front_left,2.25,0.886,1,0
2026-03-12T22:05:24.293128,2,ADULT,CRITICAL,front_left,2.22,0.74,1,0
2026-03-12T22:05:24.371353,2,ADULT,CRITICAL,front_left,2.18,0.849,1,0
2026-03-12T22:05:24.654331,2,ADULT,CRITICAL,front_left,2.9,0.505,1,0
2026-03-12T22:05:25.123689,2,ADULT,CRITICAL,front_left,3.0,0.45,1,0
2026-03-12T22:05:25.623978,2,ADULT,CRITICAL,front_left,1.84,0.543,1,0
2026-03-12T22:05:25.802411,2,ADULT,CRITICAL,front_left,1.87,0.626,1,0
2026-03-12T22:05:25.892535,2,ADULT,CRITICAL,front_left,1.91,0.806,1,0
2026-03-12T22:05:25.988312,2,ADULT,CRITICAL,front_left,1.97,0.89,1,0
2026-03-12T22:05:26.073907,2,ADULT,CRITICAL,front_left,2.04,0.945,1,0
2026-03-12T22:05:26.208896,2,ADULT,CRITICAL,front_left,2.1,0.937,1,0
2026-03-12T22:05:26.344349,2,ADULT,CRITICAL,front_left,2.16,0.94,1,0
2026-03-12T22:05:26.490446,2,ADULT,CRITICAL,front_left,2.21,0.929,1,0
2026-03-12T22:05:26.625914,2,ADULT,CRITICAL,front_left,2.29,0.942,1,0
2026-03-12T22:05:26.771553,2,ADULT,CRITICAL,front_left,2.37,0.926,1,0
2026-03-12T22:05:26.944562,2,ADULT,CRITICAL,front_left,2.45,0.921,1,0
2026-03-12T22:05:27.100121,2,ADULT,CRITICAL,front_left,2.52,0.924,1,0
2026-03-12T22:05:27.262623,2,ADULT,CRITICAL,front_left,2.57,0.916,1,0
2026-03-12T22:05:27.398929,2,ADULT,CRITICAL,front_left,2.6,0.921,1,0
2026-03-12T22:05:27.545195,2,ADULT,CRITICAL,front_left,2.64,0.895,1,0
2026-03-12T22:05:27.693945,2,ADULT,CRITICAL,front_left,2.66,0.923,1,0
2026-03-12T22:05:27.855242,2,ADULT,CRITICAL,front_left,2.69,0.915,1,0
2026-03-12T22:05:27.955421,2,ADULT,CRITICAL,front_left,2.71,0.932,1,0
2026-03-12T22:05:28.050148,2,ADULT,CRITICAL,front_left,2.73,0.939,1,0
2026-03-12T22:05:28.163248,2,ADULT,CRITICAL,front_left,2.73,0.947,1,0
2026-03-12T22:05:28.324464,2,ADULT,CRITICAL,front_left,2.72,0.938,1,0
2026-03-12T22:05:28.461593,2,ADULT,CRITICAL,front_left,2.72,0.941,1,0
2026-03-12T22:05:28.634465,2,ADULT,CRITICAL,front_left,2.7,0.926,1,0
2026-03-12T22:05:28.774059,2,ADULT,CRITICAL,front_left,2.68,0.939,1,0
2026-03-12T22:05:28.970515,2,ADULT,CRITICAL,front_left,2.65,0.901,1,0
2026-03-12T22:05:29.131200,2,ADULT,CRITICAL,front_left,2.57,0.682,1,0
2026-03-12T22:05:29.488601,2,ADULT,CRITICAL,front_left,4.41,0.394,1,0
2026-03-12T22:05:30.007887,2,ADULT,CRITICAL,front_left,4.81,0.539,1,0
2026-03-12T22:05:30.126449,2,ADULT,CRITICAL,front_left,4.8,0.511,1,0
2026-03-12T22:05:30.273680,2,ADULT,CRITICAL,front_left,4.88,0.534,1,0
